순번,시군구,사물명,사물주소,진행상태,확정일자
1,강화군,인천광역시 학생종합 수련원 운동장,인천광역시 강화군 화도면 해안남로 2463 지진옥외대피장소,사물주소 확정,2019-11-19 13:51
2,강화군,인천광역시 학생종합수련원 공터,인천광역시 강화군 화도면 해안남로 2463-12 지진옥외대피장소,사물주소 확정,2019-11-19 13:50
3,강화군,심도중학교운동장,인천광역시 강화군 화도면 마니산로 697-32 지진옥외대피장소,사물주소 확정,2019-11-13 16:52
4,강화군,심도중학교운동장,인천광역시 강화군 화도면 마니산로 703-20 지진옥외대피장소,사물주소 확정,2019-11-13 16:52
5,강화군,서도초중고등학교 운동장,인천광역시 강화군 서도면 주문도길 173 지진옥외대피장소,사물주소 확정,2019-11-14 17:38
6,강화군,서도초중고등학교 운동장,인천광역시 강화군 서도면 주문도길 173-1 지진옥외대피장소,사물주소 확정,2019-11-14 17:38
7,강화군,해명초등학교 운동장,인천광역시 강화군 삼산면 삼산남로 333 지진옥외대피장소,사물주소 확정,2019-11-14 17:41
8,강화군,해명초등학교 운동장,인천광역시 강화군 삼산면 삼산남로 345 지진옥외대피장소,사물주소 확정,2019-11-14 17:41
9,강화군,승영중학교 운동장,인천광역시 강화군 삼산면 삼산북로473번길 51-7 지진옥외대피장소,사물주소 확정,2019-11-14 17:42
10,강화군,승영중학교 운동장,인천광역시 강화군 삼산면 삼산북로473번길 47 지진옥외대피장소,사물주소 확정,2019-11-14 17:42
11,강화군,삼산초등학교 운동장,인천광역시 강화군 삼산면 삼산북로 451 지진옥외대피장소,사물주소 확정,2019-11-14 17:42
12,강화군,삼산초등학교 운동장,인천광역시 강화군 삼산면 삼산북로463번길 9 지진옥외대피장소,사물주소 확정,2019-11-14 17:42
13,강화군,난정초등학교 운동장,인천광역시 강화군 교동면 교동서로378번길 28 지진옥외대피장소,사물주소 확정,2019-11-14 17:42
14,강화군,난정초등학교 운동장,인천광역시 강화군 교동면 교동서로378번길 38 지진옥외대피장소,사물주소 확정,2019-11-14 17:42
15,강화군,지석초등학교 운동장,인천광역시 강화군 교동면 교동북로 275-1 지진옥외대피장소,사물주소 확정,2019-11-14 17:42
16,강화군,교동중고등학교 운동장,인천광역시 강화군 교동면 교동남로 77 지진옥외대피장소,사물주소 확정,2019-11-14 17:43
17,강화군,교동초등학교 운동장,인천광역시 강화군 교동면 대룡안길 29 지진옥외대피장소,사물주소 확정,2019-11-14 17:43
18,강화군,송해초등학교 운동장,인천광역시 강화군 송해면 전망대로 93-12 지진옥외대피장소,사물주소 확정,2019-11-14 17:43
19,강화군,양사초등학교 운동장,인천광역시 강화군 양사면 덕하로 145 지진옥외대피장소,사물주소 확정,2019-11-14 17:43
20,강화군,하점초등학교 운동장,인천광역시 강화군 하점면 강화대로1204번길 6 지진옥외대피장소,사물주소 확정,2019-11-14 17:44
21,강화군,하점초등학교 운동장,인천광역시 강화군 하점면 강화대로 1190 지진옥외대피장소,사물주소 확정,2019-11-14 17:44
22,강화군,강서중학교 운동장,인천광역시 강화군 하점면 강화서로 909-19 지진옥외대피장소,사물주소 확정,2019-11-14 17:44
23,강화군,명신초등학교 운동장,인천광역시 강화군 하점면 강화서로560번길 22 지진옥외대피장소,사물주소 확정,2019-11-14 17:45
24,강화군,내가면 황청리 공터 1,인천광역시 강화군 내가면 황청포구로 339 지진옥외대피장소,사물주소 확정,2019-11-14 17:45
25,강화군,내가초등학교 운동장,인천광역시 강화군 내가면 강화서로 264 지진옥외대피장소,사물주소 확정,2019-11-14 17:45
26,강화군,삼량중고등학교운동장,인천광역시 강화군 내가면 강화서로 184 지진옥외대피장소,사물주소 확정,2019-11-14 17:46
27,강화군,조산초등학교 운동장,인천광역시 강화군 양도면 강화남로518번길 6-10 지진옥외대피장소,사물주소 확정,2019-11-14 17:46
28,강화군,조산초등학교 운동장,인천광역시 강화군 양도면 강화남로 510 지진옥외대피장소,사물주소 확정,2019-11-14 17:46
29,강화군,양도초등학교 운동장,인천광역시 강화군 양도면 강화남로1044번길 8 지진옥외대피장소,사물주소 확정,2019-11-14 17:47
30,강화군,양도초등학교 운동장,인천광역시 강화군 양도면 강화남로 1036 지진옥외대피장소,사물주소 확정,2019-11-14 17:47
31,강화군,동광중학교운동장,인천광역시 강화군 양도면 강화남로 704 지진옥외대피장소,사물주소 확정,2019-11-14 17:47
32,강화군,동광중학교운동장,인천광역시 강화군 양도면 강화남로 722-22 지진옥외대피장소,사물주소 확정,2019-11-14 17:47
33,강화군,인천광역시 학생교육원 흥왕체험학습,인천광역시 강화군 화도면 해안남로 1854 지진옥외대피장소,사물주소 확정,2019-11-20 10:18
34,강화군,마니산청소년 수련원 운동장,인천광역시 강화군 화도면 동녘말길220번길 33 지진옥외대피장소,사물주소 확정,2019-11-15 09:02
35,강화군,화이트하우스 수련원 운동장,인천광역시 강화군 화도면 마니산로543번길 19 지진옥외대피장소,사물주소 확정,2019-11-15 09:03
36,강화군,화도초등학교운동장,인천광역시 강화군 화도면 마니산로715번길 8 지진옥외대피장소,사물주소 확정,2019-11-15 09:04
37,강화군,화도초등학교운동장,인천광역시 강화군 화도면 마니산로 725 지진옥외대피장소,사물주소 확정,2019-11-15 09:04
38,강화군,화도초등학교운동장,인천광역시 강화군 화도면 마니산로 717 지진옥외대피장소,사물주소 확정,2019-11-15 09:04
39,강화군,선두2리 마을회관 공터,인천광역시 강화군 길상면 보리고개로 13 지진옥외대피장소,사물주소 확정,2019-11-15 09:06
40,강화군,온수2리 마을회관 공터,인천광역시 강화군 길상면 온수길36번길 9 지진옥외대피장소,사물주소 확정,2019-11-15 09:12
41,강화군,온수2리 마을회관 공터,인천광역시 강화군 길상면 온수길36번길 7-1 지진옥외대피장소,사물주소 확정,2019-11-15 09:12
42,강화군,초지1리 마을회관 공터,인천광역시 강화군 길상면 길상로95번길 37-13 지진옥외대피장소,사물주소 확정,2019-11-15 09:17
43,강화군,길직2리 마을회관 공터,인천광역시 강화군 길상면 강화동로 144 지진옥외대피장소,사물주소 확정,2019-11-15 09:22
44,강화군,동검리 마을회관 공터,인천광역시 강화군 길상면 동검길154번길 36-19 지진옥외대피장소,사물주소 확정,2019-11-15 09:23
45,강화군,강남중학교 운동장,인천광역시 강화군 길상면 강화남로 62-2 지진옥외대피장소,사물주소 확정,2019-11-15 10:03
46,강화군,강남중학교 운동장,인천광역시 강화군 길상면 해란길32번길 30 지진옥외대피장소,사물주소 확정,2019-11-15 10:03
47,강화군,길상초등학교 운동장,인천광역시 강화군 길상면 삼랑성길 22 지진옥외대피장소,사물주소 확정,2019-11-15 10:06
48,강화군,길상초등학교 운동장,인천광역시 강화군 길상면 삼랑성길 12 지진옥외대피장소,사물주소 확정,2019-11-15 10:06
49,강화군,삼성초등학교운동장,인천광역시 강화군 불은면 중앙로 599-14 지진옥외대피장소,사물주소 확정,2019-11-15 10:07
50,강화군,삼성초등학교운동장,인천광역시 강화군 불은면 중앙로 609 지진옥외대피장소,사물주소 확정,2019-11-15 10:07
51,강화군,불은초등학교 운동장,인천광역시 강화군 불은면 불은남로544번길 9 지진옥외대피장소,사물주소 확정,2019-11-15 10:18
52,강화군,선원초등학교 운동장,인천광역시 강화군 선원면 강화동로 924 지진옥외대피장소,사물주소 확정,2019-11-15 10:34
53,강화군,선원초등학교 운동장,인천광역시 강화군 선원면 강화동로 924-13 지진옥외대피장소,사물주소 확정,2019-11-15 10:34
54,강화군,갑룡초교운동장,인천광역시 강화군 강화읍 갑룡길 88 지진옥외대피장소,사물주소 확정,2019-11-15 10:48
55,강화군,갑룡초교운동장,인천광역시 강화군 강화읍 강화대로248번길 34 지진옥외대피장소,사물주소 확정,2019-11-15 10:48
56,강화군,합일초등학교운동장,인천광역시 강화군 강화읍 합일길 3 지진옥외대피장소,사물주소 확정,2019-11-15 10:49
57,강화군,합일초등학교운동장,인천광역시 강화군 강화읍 신문길31번길 6 지진옥외대피장소,사물주소 확정,2019-11-15 10:49
58,강화군,강화초등학교운동장,인천광역시 강화군 강화읍 북문길 36 지진옥외대피장소,사물주소 확정,2019-11-15 10:51
59,강화군,강화중학교운동장,인천광역시 강화군 강화읍 동문로 53 지진옥외대피장소,사물주소 확정,2019-11-15 15:55
60,강화군,강화여고운동장,인천광역시 강화군 강화읍 향교길 54 지진옥외대피장소,사물주소 확정,2019-11-15 16:15
61,강화군,강화여고운동장,인천광역시 강화군 강화읍 송악길 57 지진옥외대피장소,사물주소 확정,2019-11-15 16:15
62,강화군,덕신고등학교운동장,인천광역시 강화군 강화읍 고비고개로 45 지진옥외대피장소,사물주소 확정,2019-11-15 16:16
63,강화군,강화고등학교운동장,인천광역시 강화군 강화읍 고비고개로 20 지진옥외대피장소,사물주소 확정,2019-11-15 16:17
64,강화군,강화공설운동장,인천광역시 강화군 강화읍 향나무길22번길 36 지진옥외대피장소,사물주소 확정,2019-11-19 17:55
65,강화군,강화공설운동장,인천광역시 강화군 강화읍 고비고개로19번길 12 지진옥외대피장소,사물주소 확정,2019-11-19 17:55
66,옹진군,백령 중고등학교 운동장,인천광역시 옹진군 백령면 백령로 708 지진옥외대피장소,사물주소 확정,2019-11-21 16:35
67,옹진군,백령 종합운동장,인천광역시 옹진군 백령면 백령남로 450 지진옥외대피장소,사물주소 확정,2019-11-21 16:35
68,옹진군,연평초중고등학교 운동장,인천광역시 옹진군 연평면 연평로137번길 101 지진옥외대피장소,사물주소 확정,2019-11-21 16:36
69,옹진군,연평 종합운동장,인천광역시 옹진군 연평면 연평로 178 지진옥외대피장소,사물주소 확정,2019-11-21 16:39
70,옹진군,연평 종합운동장,인천광역시 옹진군 연평면 연평로 194 지진옥외대피장소,사물주소 확정,2019-11-21 16:39
71,옹진군,승봉분교운동장,인천광역시 옹진군 자월면 승봉로67번길 43-18 지진옥외대피장소,사물주소 확정,2019-11-21 16:41
72,옹진군,주차장,인천광역시 옹진군 덕적면 덕적북로 727 지진옥외대피장소,사물주소 확정,2019-11-21 16:46
73,옹진군,주차장,인천광역시 옹진군 덕적면 덕적북로 721 지진옥외대피장소,사물주소 확정,2019-11-21 16:46
74,옹진군,운동장,인천광역시 옹진군 대청면 대청남로 528 지진옥외대피장소,사물주소 확정,2019-11-21 16:54
75,옹진군,대청초등학교운동장,인천광역시 옹진군 대청면 대청로244번길 110 지진옥외대피장소,사물주소 확정,2019-11-21 16:54
76,옹진군,옥죽포어구적치장,인천광역시 옹진군 대청면 대청북로 124 지진옥외대피장소,사물주소 확정,2019-11-21 16:58
77,옹진군,건어장,인천광역시 옹진군 북도면 장봉로605번길 155 지진옥외대피장소,사물주소 확정,2019-11-21 17:46
78,옹진군,물량장,인천광역시 옹진군 북도면 장봉로 71 지진옥외대피장소,사물주소 확정,2019-11-21 17:56
79,옹진군,물량장,인천광역시 옹진군 북도면 신도로 11 지진옥외대피장소,사물주소 확정,2019-11-21 18:01
80,옹진군,물량장,인천광역시 옹진군 북도면 신도로 5 지진옥외대피장소,사물주소 확정,2019-11-21 18:01
81,옹진군,물량장,인천광역시 옹진군 덕적면 덕적북로518번길 44 지진옥외대피장소,사물주소 확정,2019-11-21 18:56
82,옹진군,물량장,인천광역시 옹진군 덕적면 덕적북로518번길 84 지진옥외대피장소,사물주소 확정,2019-11-21 18:56
83,옹진군,십리포주차장,인천광역시 옹진군 영흥면 영흥북로 411 지진옥외대피장소,사물주소 확정,2019-11-21 18:57
84,옹진군,십리포주차장,인천광역시 옹진군 영흥면 영흥북로 382 지진옥외대피장소,사물주소 확정,2019-11-21 19:25
85,옹진군,십리포주차장,인천광역시 옹진군 영흥면 영흥북로 378 지진옥외대피장소,사물주소 확정,2019-11-21 19:25
86,옹진군,선재초운동장,인천광역시 옹진군 영흥면 선재로34번길 197 지진옥외대피장소,사물주소 확정,2019-11-21 19:26
87,옹진군,영흥중운동장,인천광역시 옹진군 영흥면 내동로 107 지진옥외대피장소,사물주소 확정,2019-11-21 19:31
88,옹진군,영흥초운동장,인천광역시 옹진군 영흥면 영흥로 440-8 지진옥외대피장소,사물주소 확정,2019-11-21 19:32
89,옹진군,이작2리목섬족구장,인천광역시 옹진군 자월면 소이작로 245 지진옥외대피장소,사물주소 확정,2019-11-21 16:44
90,옹진군,이작분교운동장,인천광역시 옹진군 자월면 대이작로 66 지진옥외대피장소,사물주소 확정,2019-11-21 16:50
91,옹진군,자월분교운동장,인천광역시 옹진군 자월면 자월서로 177 지진옥외대피장소,사물주소 확정,2019-11-21 16:52
92,옹진군,체육시설,인천광역시 옹진군 덕적면 덕적남로 564-43 지진옥외대피장소,사물주소 확정,2019-11-21 19:49
93,옹진군,체육시설,인천광역시 옹진군 덕적면 덕적남로606번길 8 지진옥외대피장소,사물주소 확정,2019-11-21 19:49
94,옹진군,체육시설,인천광역시 옹진군 덕적면 덕적남로606번길 26 지진옥외대피장소,사물주소 확정,2019-11-21 19:49
95,옹진군,덕적초중고등학교 운동장,인천광역시 옹진군 덕적면 덕적남로 15 지진옥외대피장소,사물주소 확정,2019-11-21 19:49
96,옹진군,소청분교운동장,인천광역시 옹진군 대청면 소청동로 69-13 지진옥외대피장소,사물주소 확정,2019-11-21 19:50
97,옹진군,대청중고등학교 운동장,인천광역시 옹진군 대청면 대청로244번길 116-45 지진옥외대피장소,사물주소 확정,2019-11-21 20:04
98,옹진군,답동종합운동장,인천광역시 옹진군 대청면 대청로 80 지진옥외대피장소,사물주소 확정,2019-11-21 17:01
99,옹진군,삼목초장봉분교,인천광역시 옹진군 북도면 장봉로 551 지진옥외대피장소,사물주소 확정,2019-11-21 20:13
100,옹진군,삼목초장봉분교,인천광역시 옹진군 북도면 장봉로541번길 20-15 지진옥외대피장소,사물주소 확정,2019-11-21 20:13
101,옹진군,시도리운동장,인천광역시 옹진군 북도면 시도로86번길 54 지진옥외대피장소,사물주소 확정,2019-11-21 20:29
102,옹진군,공원,인천광역시 옹진군 북도면 모도로78번길 2 지진옥외대피장소,사물주소 확정,2019-11-21 20:30
103,옹진군,공원,인천광역시 옹진군 북도면 모도로 76 지진옥외대피장소,사물주소 확정,2019-11-21 20:30
104,중구,인천국제공항 화물터미널 남측2번주차장,인천광역시 중구 공항동로193번길 112 지진옥외대피장소,사물주소 확정,2019-11-19 11:02
105,중구,인천국제공항 화물터미널 북측2번주차장,인천광역시 중구 공항동로295번길 77-96 지진옥외대피장소,사물주소 확정,2019-11-19 10:56
106,중구,인천국제공항 제2여객터미널 썬큰가든,인천광역시 중구 제2터미널대로 444-1 지진옥외대피장소,사물주소 확정,2019-11-19 10:52
107,중구,인천국제공항 화물터미널 남측4번주차장,인천광역시 중구 공항동로193번길 66 지진옥외대피장소,사물주소 확정,2019-11-13 13:22
108,중구,인천국제공항 화물터미널 남측4번주차장,인천광역시 중구 공항동로193번길 40-115 지진옥외대피장소,사물주소 확정,2019-11-13 13:22
109,중구,인천국제공항 화물터미널 남측4번주차장,인천광역시 중구 공항동로193번길 40-69 지진옥외대피장소,사물주소 확정,2019-11-13 13:22
110,중구,인천국제공항 화물터미널 남측4번주차장,인천광역시 중구 공항동로193번길 74 지진옥외대피장소,사물주소 확정,2019-11-13 13:22
111,중구,인천국제공항 화물터미널 남측4번주차장,인천광역시 중구 공항동로193번길 82 지진옥외대피장소,사물주소 확정,2019-11-13 13:22
112,중구,인천국제공항 화물터미널 남측4번주차장,인천광역시 중구 공항동로193번길 40-99 지진옥외대피장소,사물주소 확정,2019-11-13 13:22
113,중구,인천국제공항 화물터미널 남측4번주차장,인천광역시 중구 공항동로193번길 40-85 지진옥외대피장소,사물주소 확정,2019-11-13 13:22
114,중구,인천국제공항 화물터미널 남측4번주차장,인천광역시 중구 공항동로193번길 60 지진옥외대피장소,사물주소 확정,2019-11-13 13:22
115,중구,인천국제공항 화물터미널 북측4번주차장,인천광역시 중구 공항동로295번길 59 지진옥외대피장소,사물주소 확정,2019-11-13 13:08
116,중구,인천국제공항 화물터미널 북측4번주차장,인천광역시 중구 공항동로295번길 41-10 지진옥외대피장소,사물주소 확정,2019-11-13 13:08
117,중구,인천국제공항 화물터미널 북측4번주차장,인천광역시 중구 공항동로295번길 77-27 지진옥외대피장소,사물주소 확정,2019-11-13 13:08
118,중구,인천국제공항 화물터미널 북측4번주차장,인천광역시 중구 공항동로295번길 75 지진옥외대피장소,사물주소 확정,2019-11-13 13:08
119,중구,인천국제공항 화물터미널 북측4번주차장,인천광역시 중구 공항동로295번길 67 지진옥외대피장소,사물주소 확정,2019-11-13 13:08
120,중구,인천국제공항 화물터미널 북측4번주차장,인천광역시 중구 공항동로295번길 51 지진옥외대피장소,사물주소 확정,2019-11-13 13:08
121,중구,인천국제공항 제2여객터미널 제2합동청사주차장,인천광역시 중구 제2터미널대로 444 지진옥외대피장소,사물주소 확정,2019-11-13 13:10
122,중구,인천국제공항 제1국제여객터미널 서측귀빈주차장,인천광역시 중구 공항로 302 지진옥외대피장소,사물주소 확정,2019-11-13 13:05
123,중구,인천국제공항 제1국제여객터미널 장기주차장,인천광역시 중구 공항로 421 지진옥외대피장소,사물주소 확정,2019-11-13 13:01
124,중구,영종하늘체육공원,인천광역시 중구 하늘중앙로 224 지진옥외대피장소,사물주소 확정,2019-11-06 14:42
125,중구,연안부두 해양광장,인천광역시 중구 연안부두로 42 지진옥외대피장소,사물주소 확정,2019-11-08 16:57
126,중구,연안부두 해양광장,인천광역시 중구 연안부두로 46 지진옥외대피장소,사물주소 확정,2019-11-08 16:57
127,중구,연안부두 해양광장,인천광역시 중구 연안부두로 38 지진옥외대피장소,사물주소 확정,2019-11-08 16:57
128,중구,율목공원,인천광역시 중구 율목로 29 지진옥외대피장소,사물주소 확정,2019-11-06 15:59
129,중구,율목공원,인천광역시 중구 율목로 35 지진옥외대피장소,사물주소 확정,2019-11-06 15:59
130,중구,율목공원,인천광역시 중구 율목로 25 지진옥외대피장소,사물주소 확정,2019-11-06 15:59
131,중구,답동소공원,인천광역시 중구 우현로 26 지진옥외대피장소,사물주소 확정,2019-11-07 13:07
132,중구,답동소공원,인천광역시 중구 우현로 24-5 지진옥외대피장소,사물주소 확정,2019-11-07 13:07
133,중구,답동소공원,인천광역시 중구 우현로 24-15 지진옥외대피장소,사물주소 확정,2019-11-07 13:07
134,중구,답동소공원,인천광역시 중구 제물량로 145 지진옥외대피장소,사물주소 확정,2019-11-07 13:07
135,중구,공항합동청사 잔디광장,인천광역시 중구 공항로424번길 45 지진옥외대피장소,사물주소 확정,2019-11-08 13:42
136,중구,공항합동청사 잔디광장,인천광역시 중구 공항로424번길 33 지진옥외대피장소,사물주소 확정,2019-11-08 13:42
137,중구,공항합동청사 축구장,인천광역시 중구 공항로424번길 47 지진옥외대피장소,사물주소 확정,2019-11-12 10:12
138,중구,인천국제공항 화물터미널 남측5번주차장,인천광역시 중구 공항동로193번길 8 지진옥외대피장소,사물주소 확정,2019-11-13 12:00
139,중구,인천국제공항 화물터미널 남측5번주차장,인천광역시 중구 공항동로193번길 26 지진옥외대피장소,사물주소 확정,2019-11-13 12:00
140,중구,인천국제공항 화물터미널 남측5번주차장,인천광역시 중구 공항동로193번길 8-1 지진옥외대피장소,사물주소 확정,2019-11-13 12:00
141,중구,인천국제공항 화물터미널 남측5번주차장,인천광역시 중구 공항동로193번길 40-22 지진옥외대피장소,사물주소 확정,2019-11-13 12:00
142,중구,인천국제공항 화물터미널 남측5번주차장,인천광역시 중구 공항동로193번길 40-14 지진옥외대피장소,사물주소 확정,2019-11-13 12:00
143,중구,인천국제공항 제2여객터미널 장기주차장,인천광역시 중구 제2터미널대로 346 지진옥외대피장소,사물주소 확정,2019-11-13 11:58
144,중구,인천국제공항 제1여객터미널 동측귀빈주차장,인천광역시 중구 공항로 240 지진옥외대피장소,사물주소 확정,2019-11-07 13:25
145,중구,용유초등학교 무의분교장 운동장,인천광역시 중구 대무의로 302-17 지진옥외대피장소,사물주소 확정,2019-11-08 11:38
146,중구,용유초등학교 무의분교장 운동장,인천광역시 중구 대무의로 288-21 지진옥외대피장소,사물주소 확정,2019-11-08 11:38
147,중구,용유중학교 운동장,인천광역시 중구 남북로87번길 4 지진옥외대피장소,사물주소 확정,2019-11-08 13:40
148,중구,영마루공원,인천광역시 중구 신도시북로140번길 38 지진옥외대피장소,사물주소 확정,2019-11-13 11:53
149,중구,영마루공원,인천광역시 중구 신도시북로 32 지진옥외대피장소,사물주소 확정,2019-11-13 11:53
150,중구,영마루공원,인천광역시 중구 신도시북로140번길 38-1 지진옥외대피장소,사물주소 확정,2019-11-13 11:53
151,중구,영마루공원,인천광역시 중구 신도시북로 18 지진옥외대피장소,사물주소 확정,2019-11-13 11:53
152,중구,영마루공원,인천광역시 중구 신도시북로140번길 26 지진옥외대피장소,사물주소 확정,2019-11-13 11:53
153,중구,영마루공원,인천광역시 중구 신도시북로 78 지진옥외대피장소,사물주소 확정,2019-11-13 11:53
154,중구,영마루공원,인천광역시 중구 영종대로 71 지진옥외대피장소,사물주소 확정,2019-11-13 11:53
155,중구,영마루공원,인천광역시 중구 신도시북로88번길 38 지진옥외대피장소,사물주소 확정,2019-11-13 11:53
156,중구,영마루공원,인천광역시 중구 영종대로 77 지진옥외대피장소,사물주소 확정,2019-11-13 11:53
157,중구,유수지공원,인천광역시 중구 신도시북로 31-35 지진옥외대피장소,사물주소 확정,2019-11-08 13:40
158,중구,운남초등학교 운동장,인천광역시 중구 운남서로 38 지진옥외대피장소,사물주소 확정,2019-11-08 11:58
159,중구,운남초등학교 운동장,인천광역시 중구 운남서로 36 지진옥외대피장소,사물주소 확정,2019-11-08 11:58
160,중구,운서초등학교 운동장,인천광역시 중구 운서2로 67 지진옥외대피장소,사물주소 확정,2019-11-08 11:39
161,중구,운서초등학교 운동장,인천광역시 중구 운서2로 57 지진옥외대피장소,사물주소 확정,2019-11-08 11:39
162,중구,영종초등학교 운동장,인천광역시 중구 하늘달빛로 133 지진옥외대피장소,사물주소 확정,2019-11-08 11:38
163,중구,인천공항초등학교 운동장,인천광역시 중구 흰바위로 10 지진옥외대피장소,사물주소 확정,2019-11-08 11:49
164,중구,인천공항초등학교 운동장,인천광역시 중구 신도시남로 43 지진옥외대피장소,사물주소 확정,2019-11-08 11:49
165,중구,인천공항중학교 운동장,인천광역시 중구 영종대로27번길 49 지진옥외대피장소,사물주소 확정,2019-11-08 11:35
166,중구,삼목초등학교 운동장,인천광역시 중구 신도시북로 42 지진옥외대피장소,사물주소 확정,2019-11-08 11:35
167,중구,송월초등학교 운동장,인천광역시 중구 자유공원로 106-7 지진옥외대피장소,사물주소 확정,2019-11-08 11:32
168,중구,송월초등학교 운동장,인천광역시 중구 참외전로 52-9 지진옥외대피장소,사물주소 확정,2019-11-08 11:32
169,중구,자유공원,인천광역시 중구 제물량로232번길 46 지진옥외대피장소,사물주소 확정,2019-11-08 11:33
170,중구,자유공원,인천광역시 중구 자유공원남로 23 지진옥외대피장소,사물주소 확정,2019-11-08 11:33
171,중구,자유공원,인천광역시 중구 자유공원로 65 지진옥외대피장소,사물주소 확정,2019-11-08 11:33
172,중구,자유공원,인천광역시 중구 자유공원로 73 지진옥외대피장소,사물주소 확정,2019-11-08 11:33
173,중구,월미공원,인천광역시 중구 월미로 131-3 지진옥외대피장소,사물주소 확정,2019-12-06 14:17
174,중구,월미공원,인천광역시 중구 월미로 131-51 지진옥외대피장소,사물주소 확정,2019-12-06 14:17
175,중구,월미공원,인천광역시 중구 월미로 291 지진옥외대피장소,사물주소 확정,2019-12-06 14:17
176,중구,제물포고등학교 운동장,인천광역시 중구 자유공원로 100 지진옥외대피장소,사물주소 확정,2019-11-08 10:45
177,중구,제물포고등학교 운동장,인천광역시 중구 자유공원로 58-9 지진옥외대피장소,사물주소 확정,2019-11-08 10:45
178,중구,인일여자고등학교 운동장,인천광역시 중구 참외전로72번길 10 지진옥외대피장소,사물주소 확정,2019-11-07 17:49
179,중구,인천정보산업고등학교,인천광역시 중구 참외전로 192 지진옥외대피장소,사물주소 확정,2019-11-07 17:49
180,중구,광성중학교 운동장,인천광역시 중구 참외전로244번길 47 지진옥외대피장소,사물주소 확정,2019-11-07 17:48
181,중구,인천신흥초등학교 운동장,인천광역시 중구 제물량로 134 지진옥외대피장소,사물주소 확정,2019-11-07 17:28
182,중구,신흥중학교 운동장,인천광역시 중구 인항로24번길 38 지진옥외대피장소,사물주소 확정,2019-11-07 17:27
183,중구,신흥여자중학교 운동장,인천광역시 중구 인항로24번길 37 지진옥외대피장소,사물주소 확정,2019-11-07 17:27
184,중구,인천신광초등학교 운동장,인천광역시 중구 인중로 63 지진옥외대피장소,사물주소 확정,2019-11-07 17:27
185,중구,인천신선초등학교 운동장,인천광역시 중구 축항대로291번길 33 지진옥외대피장소,사물주소 확정,2019-11-07 17:27
186,중구,인천연안초등학교 운동장,인천광역시 중구 연안부두로33번길 53 지진옥외대피장소,사물주소 확정,2019-11-07 17:26
187,중구,인성초등학교 운동장,인천광역시 중구 신포로39번길 42 지진옥외대피장소,사물주소 확정,2019-11-07 17:26
188,중구,인성여자중학교 운동장,인천광역시 중구 홍예문로 39 지진옥외대피장소,사물주소 확정,2019-11-07 17:26
189,중구,송도중학교 운동장,인천광역시 중구 제물량로 123 지진옥외대피장소,사물주소 확정,2019-11-07 17:26
190,동구,영화국제관광고등학교 운동장,인천광역시 동구 우각로 39 지진옥외대피장소,사물주소 확정,2024-02-01 15:18
191,동구,동명초등학교 운동장,인천광역시 동구 송림로70번길 10 지진옥외대피장소,사물주소 확정,2019-11-20 17:15
192,동구,인천산업정보학교 운동장,인천광역시 동구 금창로 31 지진옥외대피장소,사물주소 확정,2019-11-20 17:16
193,동구,만석초등학교 운동장,인천광역시 동구 제물량로 412 지진옥외대피장소,사물주소 확정,2019-11-20 17:17
194,동구,송현초등학교 운동장,인천광역시 동구 쌍우물로 20 지진옥외대피장소,사물주소 확정,2024-02-01 15:20
195,동구,송현초등학교 운동장,인천광역시 동구 송화로 45 지진옥외대피장소,사물주소 확정,2024-02-01 15:20
196,동구,화도진중학교 운동장,인천광역시 동구 화수로 64 지진옥외대피장소,사물주소 확정,2019-11-20 17:25
197,동구,송림초등학교 운동장,인천광역시 동구 화도진로 10 지진옥외대피장소,사물주소 확정,2021-12-24 11:03
198,동구,서흥초등학교 운동장,인천광역시 동구 샛골로 189 지진옥외대피장소,사물주소 확정,2019-11-20 17:28
199,동구,서흥초등학교 운동장,인천광역시 동구 솔빛로91번길 58 지진옥외대피장소,사물주소 확정,2019-11-20 17:28
200,동구,재능고등학교 운동장,인천광역시 동구 재능로 178 지진옥외대피장소,사물주소 확정,2019-11-20 17:29
201,동구,창영초등학교 운동장,인천광역시 동구 우각로15번길 16 지진옥외대피장소,사물주소 확정,2019-11-20 17:29
202,동구,서림초등학교 운동장,인천광역시 동구 금곡로 105 지진옥외대피장소,사물주소 확정,2019-11-20 17:30
203,동구,동산고등학교 운동장,인천광역시 동구 동산로 58 지진옥외대피장소,사물주소 확정,2019-11-20 17:31
204,미추홀구,선인고등학교운동장,인천광역시 미추홀구 석정로 165-8 지진옥외대피장소,사물주소 확정,2019-11-25 09:05
205,미추홀구,선인고등학교운동장,인천광역시 미추홀구 석정로 181 지진옥외대피장소,사물주소 확정,2019-11-25 09:05
206,미추홀구,인하대학교대운동장,인천광역시 미추홀구 소성로 5 지진옥외대피장소,사물주소 확정,2019-11-25 09:06
207,미추홀구,인하대학교대운동장,인천광역시 미추홀구 인하로 100 지진옥외대피장소,사물주소 확정,2019-11-25 09:06
208,미추홀구,인하대학교대운동장,인천광역시 미추홀구 독배로 328 지진옥외대피장소,사물주소 확정,2019-11-25 09:06
209,미추홀구,인하대학교대운동장,인천광역시 미추홀구 독배로 332 지진옥외대피장소,사물주소 확정,2019-11-25 09:06
210,미추홀구,선인중학교 운동장,인천광역시 미추홀구 석정로 165-37 지진옥외대피장소,사물주소 확정,2019-11-25 09:06
211,미추홀구,인화여자고등학교 운동장,인천광역시 미추홀구 석정로 165-5 지진옥외대피장소,사물주소 확정,2019-11-25 09:06
212,미추홀구,인화여자고등학교 운동장,인천광역시 미추홀구 석정로 151 지진옥외대피장소,사물주소 확정,2019-11-25 09:06
213,미추홀구,인천전자마이스터고등학교,인천광역시 미추홀구 석정로 165-80 지진옥외대피장소,사물주소 확정,2019-11-25 09:06
214,미추홀구,인천대제물포캠퍼스대운동장,인천광역시 미추홀구 숙골로135번길 9 지진옥외대피장소,사물주소 확정,2019-11-25 09:07
215,미추홀구,인화여자중학교운동장,인천광역시 미추홀구 석정로 183 지진옥외대피장소,사물주소 확정,2019-11-25 09:07
216,미추홀구,인화여자중학교운동장,인천광역시 미추홀구 석정로 165-30 지진옥외대피장소,사물주소 확정,2019-11-25 09:07
217,미추홀구,정석항공과학고등학교운동장,인천광역시 미추홀구 인하로 104 지진옥외대피장소,사물주소 확정,2019-11-25 09:07
218,미추홀구,학산초등학교 운동장,인천광역시 미추홀구 한나루로357번길 66 지진옥외대피장소,사물주소 확정,2024-02-05 11:11
219,미추홀구,학산초등학교 운동장,인천광역시 미추홀구 한나루로357번길 48 지진옥외대피장소,사물주소 확정,2024-02-05 11:11
220,미추홀구,용현여자중학교 운동장,인천광역시 미추홀구 매소홀로 133-1 지진옥외대피장소,사물주소 확정,2019-11-25 09:10
221,미추홀구,용현여자중학교 운동장,인천광역시 미추홀구 낙섬동로 28 지진옥외대피장소,사물주소 확정,2019-11-25 09:10
222,미추홀구,용학초등학교 운동장,인천광역시 미추홀구 용정공원로83번길 9 지진옥외대피장소,사물주소 확정,2019-11-25 09:10
223,미추홀구,문학정보고등학교 운동장,인천광역시 미추홀구 소성로350번길 39 지진옥외대피장소,사물주소 확정,2019-11-25 09:10
224,미추홀구,문학정보고등학교 운동장,인천광역시 미추홀구 소성로350번길 29 지진옥외대피장소,사물주소 확정,2019-11-25 09:10
225,미추홀구,경원초등학교 운동장,인천광역시 미추홀구 경인로 511 지진옥외대피장소,사물주소 확정,2019-11-25 09:10
226,미추홀구,경원초등학교 운동장,인천광역시 미추홀구 석산로 40 지진옥외대피장소,사물주소 확정,2019-11-25 09:10
227,미추홀구,제물포여자중학교 운동장,인천광역시 미추홀구 인주대로470번길 20 지진옥외대피장소,사물주소 확정,2019-11-25 09:10
228,미추홀구,인항고등학교 운동장,인천광역시 미추홀구 매소홀로 135 지진옥외대피장소,사물주소 확정,2024-02-05 11:11
229,미추홀구,인주초등학교 운동장,인천광역시 미추홀구 학익소로61번길 74 지진옥외대피장소,사물주소 확정,2019-11-25 09:12
230,미추홀구,인주초등학교 운동장,인천광역시 미추홀구 매소홀로475번길 53 지진옥외대피장소,사물주소 확정,2019-11-25 09:12
231,미추홀구,연학초등학교 운동장,인천광역시 미추홀구 주승로 20 지진옥외대피장소,사물주소 확정,2019-11-25 09:13
232,미추홀구,숭의초등학교 운동장,인천광역시 미추홀구 장천로 99 지진옥외대피장소,사물주소 확정,2019-11-25 09:13
233,미추홀구,관교여자중학교 운동장,인천광역시 미추홀구 경원대로 691 지진옥외대피장소,사물주소 확정,2019-11-25 09:13
234,미추홀구,승학초등학교 운동장,인천광역시 미추홀구 주승로 259 지진옥외대피장소,사물주소 확정,2019-11-25 09:13
235,미추홀구,관교중학교 운동장,인천광역시 미추홀구 경원대로670번길 19 지진옥외대피장소,사물주소 확정,2019-11-25 09:13
236,미추홀구,인천남중학교 운동장,인천광역시 미추홀구 수봉로 16-23 지진옥외대피장소,사물주소 확정,2019-11-25 09:16
237,미추홀구,용현중학교 운동장,인천광역시 미추홀구 낙섬동로 16 지진옥외대피장소,사물주소 확정,2019-11-25 09:16
238,미추홀구,용현중학교 운동장,인천광역시 미추홀구 매소홀로 133 지진옥외대피장소,사물주소 확정,2019-11-25 09:16
239,미추홀구,남인천여자중학교 운동장,인천광역시 미추홀구 인하로 426 지진옥외대피장소,사물주소 확정,2019-11-25 09:16
240,미추홀구,수봉근린공원,인천광역시 미추홀구 수봉안길 84-1 지진옥외대피장소,사물주소 확정,2019-11-25 09:16
241,미추홀구,수봉근린공원,인천광역시 미추홀구 수봉안길 84 지진옥외대피장소,사물주소 확정,2019-11-25 09:16
242,미추홀구,산성어린이공원,인천광역시 미추홀구 문학길 157 지진옥외대피장소,사물주소 확정,2019-11-25 09:16
243,미추홀구,산성어린이공원,인천광역시 미추홀구 소성로350번길 49-20 지진옥외대피장소,사물주소 확정,2019-11-25 09:16
244,미추홀구,다솔어린이공원,인천광역시 미추홀구 경인로 505 지진옥외대피장소,사물주소 확정,2019-11-25 09:16
245,미추홀구,다솔어린이공원,인천광역시 미추홀구 경인로499번길 12-35 지진옥외대피장소,사물주소 확정,2019-11-25 09:16
246,미추홀구,주안체육공원,인천광역시 미추홀구 주안서로43번길 20 지진옥외대피장소,사물주소 확정,2019-11-25 09:17
247,미추홀구,주안체육공원,인천광역시 미추홀구 주안서로53번길 27 지진옥외대피장소,사물주소 확정,2019-11-25 09:17
248,미추홀구,주안체육공원,인천광역시 미추홀구 주안서로43번길 32 지진옥외대피장소,사물주소 확정,2019-11-25 09:17
249,미추홀구,주안체육공원,인천광역시 미추홀구 주안서로53번길 33 지진옥외대피장소,사물주소 확정,2019-11-25 09:17
250,미추홀구,주안체육공원,인천광역시 미추홀구 주안서로53번길 17 지진옥외대피장소,사물주소 확정,2019-11-25 09:17
251,미추홀구,석바위근린공원,인천광역시 미추홀구 구월남로47번길 1 지진옥외대피장소,사물주소 확정,2019-11-25 09:17
252,미추홀구,석바위근린공원,인천광역시 미추홀구 구월남로 33 지진옥외대피장소,사물주소 확정,2019-11-25 09:17
253,미추홀구,석바위근린공원,인천광역시 미추홀구 구월남로 31 지진옥외대피장소,사물주소 확정,2019-11-25 09:17
254,미추홀구,석바위근린공원,인천광역시 미추홀구 구월남로47번길 15 지진옥외대피장소,사물주소 확정,2019-11-25 09:17
255,미추홀구,쑥골어린이공원,인천광역시 미추홀구 장고개로50번길 41 지진옥외대피장소,사물주소 확정,2019-11-25 09:18
256,미추홀구,쑥골어린이공원,인천광역시 미추홀구 장고개로50번길 25 지진옥외대피장소,사물주소 확정,2019-11-25 09:18
257,미추홀구,쑥골어린이공원,인천광역시 미추홀구 장고개로50번길 33 지진옥외대피장소,사물주소 확정,2019-11-25 09:18
258,미추홀구,쑥골어린이공원,인천광역시 미추홀구 염전로 272-40 지진옥외대피장소,사물주소 확정,2019-11-25 09:18
259,미추홀구,비즈니스고등학교운동장,인천광역시 미추홀구 장고개로 31 지진옥외대피장소,사물주소 확정,2024-02-05 11:08
260,미추홀구,인천문학초등학교운동장,인천광역시 미추홀구 매소홀로 553 지진옥외대피장소,사물주소 확정,2019-11-25 09:18
261,미추홀구,관교초등학교운동장,인천광역시 미추홀구 인하로 414 지진옥외대피장소,사물주소 확정,2019-11-25 09:18
262,미추홀구,주안남초등학교운동장,인천광역시 미추홀구 인주대로434번길 11 지진옥외대피장소,사물주소 확정,2024-02-05 11:10
263,미추홀구,인천남부초등학교운동장,인천광역시 미추홀구 인주대로366번길 22 지진옥외대피장소,사물주소 확정,2019-11-25 09:20
264,미추홀구,석암초등학교운동장,인천광역시 미추홀구 주안동로 46 지진옥외대피장소,사물주소 확정,2019-11-25 09:20
265,미추홀구,주안북초등학교운동장,인천광역시 미추홀구 석정로375번길 14 지진옥외대피장소,사물주소 확정,2024-02-05 11:10
266,미추홀구,인천고등학교운동장,인천광역시 미추홀구 경원대로 804 지진옥외대피장소,사물주소 확정,2019-11-25 09:23
267,미추홀구,인천고등학교운동장,인천광역시 미추홀구 인주대로495번길 81 지진옥외대피장소,사물주소 확정,2019-11-25 09:23
268,미추홀구,주안초등학교운동장,인천광역시 미추홀구 남주길69번길 16 지진옥외대피장소,사물주소 확정,2019-11-25 10:26
269,미추홀구,인천기계공업고등학교운동장,인천광역시 미추홀구 경인남길 274 지진옥외대피장소,사물주소 확정,2019-11-25 10:26
270,미추홀구,인천기계공업고등학교운동장,인천광역시 미추홀구 한나루로 545 지진옥외대피장소,사물주소 확정,2019-11-25 10:26
271,미추홀구,인천기계공업고등학교운동장,인천광역시 미추홀구 인주대로251번길 81 지진옥외대피장소,사물주소 확정,2019-11-25 10:26
272,미추홀구,서화초등학교운동장,인천광역시 미추홀구 송림로 250 지진옥외대피장소,사물주소 확정,2024-02-05 11:09
273,미추홀구,대화초등학교운동장,인천광역시 미추홀구 석정로301번길 13 지진옥외대피장소,사물주소 확정,2024-02-05 11:05
274,미추홀구,도화초등학교운동장,인천광역시 미추홀구 경인로 242 지진옥외대피장소,사물주소 확정,2024-02-05 11:06
275,미추홀구,인하사대부속중고등학교운동장,인천광역시 미추홀구 재넘이길123번길 29 지진옥외대피장소,사물주소 확정,2019-11-25 10:26
276,미추홀구,인하사대부속중고등학교운동장,인천광역시 미추홀구 재넘이길61번길 42 지진옥외대피장소,사물주소 확정,2019-11-25 10:26
277,미추홀구,학익고등학교운동장,인천광역시 미추홀구 한나루로358번길 23-22 지진옥외대피장소,사물주소 확정,2019-11-25 10:26
278,미추홀구,백학초등학교운동장,인천광역시 미추홀구 매소홀로446번길 25 지진옥외대피장소,사물주소 확정,2024-02-05 11:08
279,미추홀구,학익초등학교운동장,인천광역시 미추홀구 한나루로403번길 122 지진옥외대피장소,사물주소 확정,2019-11-25 10:27
280,미추홀구,용현초등학교운동장,인천광역시 미추홀구 토금북로 61 지진옥외대피장소,사물주소 확정,2019-11-25 10:28
281,미추홀구,용현초등학교운동장,인천광역시 미추홀구 낙섬동로 83 지진옥외대피장소,사물주소 확정,2019-11-25 10:28
282,미추홀구,용일초등학교운동장,인천광역시 미추홀구 인주대로 244 지진옥외대피장소,사물주소 확정,2019-11-25 10:28
283,미추홀구,용정초등학교운동장,인천광역시 미추홀구 수봉로76번길 28 지진옥외대피장소,사물주소 확정,2019-11-25 10:28
284,미추홀구,용정초등학교운동장,인천광역시 미추홀구 수봉로70번길 29 지진옥외대피장소,사물주소 확정,2019-11-25 10:28
285,미추홀구,용정초등학교운동장,인천광역시 미추홀구 독정안길 26 지진옥외대피장소,사물주소 확정,2019-11-25 10:28
286,연수구,해양과학고등학교,인천광역시 연수구 능허대로 71 지진옥외대피장소,사물주소 확정,2024-04-30 23:09
287,연수구,푸른송도배수지,인천광역시 연수구 능허대로446번길 24 지진옥외대피장소,사물주소 확정,2024-04-30 22:59
288,연수구,인천여자중학교,인천광역시 연수구 원인재로 47 지진옥외대피장소,사물주소 확정,2024-04-30 22:53
289,연수구,옥련초등학교,인천광역시 연수구 한진로 30 지진옥외대피장소,사물주소 확정,2024-04-30 22:50
290,연수구,송도초등학교,인천광역시 연수구 비류대로214번길 21 지진옥외대피장소,사물주소 확정,2024-04-30 22:44
291,연수구,송도누리공원,인천광역시 연수구 송도문화로 20 지진옥외대피장소,사물주소 확정,2024-04-30 23:05
292,연수구,송도고등학교,인천광역시 연수구 독배로 91 지진옥외대피장소,사물주소 확정,2024-04-30 22:34
293,연수구,새싹공원,인천광역시 연수구 옥련로 88 지진옥외대피장소,사물주소 확정,2024-04-30 22:25
294,연수구,별빛공원,인천광역시 연수구 넘말로 8 지진옥외대피장소,사물주소 확정,2024-04-30 22:22
295,연수구,동막초등학교,인천광역시 연수구 원인재로 36 지진옥외대피장소,사물주소 확정,2024-04-30 22:21
296,연수구,문남공원,인천광역시 연수구 함박뫼로120번길 31 지진옥외대피장소,사물주소 확정,2019-11-25 13:06
297,연수구,문남공원,인천광역시 연수구 함박뫼로120번길 53 지진옥외대피장소,사물주소 확정,2019-11-25 13:06
298,연수구,문남공원,인천광역시 연수구 함박뫼로120번길 19 지진옥외대피장소,사물주소 확정,2019-11-25 13:06
299,연수구,문남공원,인천광역시 연수구 새말로55번길 23 지진옥외대피장소,사물주소 확정,2019-11-25 13:06
300,연수구,문남공원,인천광역시 연수구 새말로55번길 37 지진옥외대피장소,사물주소 확정,2019-11-25 13:06
301,연수구,문남공원,인천광역시 연수구 함박뫼로84번길 31 지진옥외대피장소,사물주소 확정,2019-11-25 13:06
302,연수구,체육공원,인천광역시 연수구 청능대로 205 지진옥외대피장소,사물주소 확정,2019-11-25 13:07
303,연수구,체육공원,인천광역시 연수구 청능대로 195 지진옥외대피장소,사물주소 확정,2019-11-25 13:07
304,연수구,능허대공원,인천광역시 연수구 능허대로103번길 16 지진옥외대피장소,사물주소 확정,2019-11-25 13:09
305,연수구,능허대공원,인천광역시 연수구 능허대로103번길 22 지진옥외대피장소,사물주소 확정,2019-11-25 13:09
306,연수구,능허대공원,인천광역시 연수구 능허대로103번길 8 지진옥외대피장소,사물주소 확정,2019-11-25 13:09
307,연수구,능허대공원,인천광역시 연수구 능허대로 119 지진옥외대피장소,사물주소 확정,2019-11-25 13:09
308,연수구,능허대공원,인천광역시 연수구 능허대로 109 지진옥외대피장소,사물주소 확정,2019-11-25 13:09
309,연수구,해돋이공원,인천광역시 연수구 해돋이로 51 지진옥외대피장소,사물주소 확정,2019-11-25 13:09
310,연수구,센트럴 파크,인천광역시 연수구 센트럴로 177 지진옥외대피장소,사물주소 확정,2019-11-25 13:13
311,연수구,센트럴 파크,인천광역시 연수구 컨벤시아대로 164 지진옥외대피장소,사물주소 확정,2019-11-25 13:13
312,연수구,센트럴 파크,인천광역시 연수구 센트럴로 149 지진옥외대피장소,사물주소 확정,2019-11-25 13:13
313,연수구,센트럴 파크,인천광역시 연수구 컨벤시아대로 150 지진옥외대피장소,사물주소 확정,2019-11-25 13:13
314,연수구,센트럴 파크,인천광역시 연수구 센트럴로 209 지진옥외대피장소,사물주소 확정,2019-11-25 13:13
315,연수구,센트럴 파크,인천광역시 연수구 컨벤시아대로 160 지진옥외대피장소,사물주소 확정,2019-11-25 13:13
316,연수구,센트럴 파크,인천광역시 연수구 센트럴로 171 지진옥외대피장소,사물주소 확정,2019-11-25 13:13
317,연수구,센트럴 파크,인천광역시 연수구 테크노파크로 158 지진옥외대피장소,사물주소 확정,2019-11-25 13:13
318,연수구,부수지공원,인천광역시 연수구 원인재로 108 지진옥외대피장소,사물주소 확정,2019-11-25 13:15
319,연수구,부수지공원,인천광역시 연수구 원인재로 98 지진옥외대피장소,사물주소 확정,2019-11-25 13:15
320,연수구,부수지공원,인천광역시 연수구 원인재로 104 지진옥외대피장소,사물주소 확정,2019-11-25 13:15
321,연수구,동춘공원,인천광역시 연수구 앵고개로 236 지진옥외대피장소,사물주소 확정,2019-11-25 13:18
322,연수구,동춘공원,인천광역시 연수구 먼우금로 103 지진옥외대피장소,사물주소 확정,2019-11-25 13:18
323,연수구,동춘공원,인천광역시 연수구 먼우금로 107 지진옥외대피장소,사물주소 확정,2019-11-25 13:18
324,연수구,동춘공원,인천광역시 연수구 먼우금로 111 지진옥외대피장소,사물주소 확정,2019-11-25 13:18
325,연수구,동막공원,인천광역시 연수구 원인재로 33 지진옥외대피장소,사물주소 확정,2019-11-25 13:19
326,연수구,동막공원,인천광역시 연수구 원인재로 29 지진옥외대피장소,사물주소 확정,2019-11-25 13:19
327,연수구,동막공원,인천광역시 연수구 원인재로 39 지진옥외대피장소,사물주소 확정,2019-11-25 13:19
328,연수구,양지공원,인천광역시 연수구 용담로117번길 16 지진옥외대피장소,사물주소 확정,2019-11-25 13:20
329,연수구,양지공원,인천광역시 연수구 용담로 123 지진옥외대피장소,사물주소 확정,2019-11-25 13:20
330,연수구,양지공원,인천광역시 연수구 용담로125번길 11 지진옥외대피장소,사물주소 확정,2019-11-25 13:20
331,연수구,용담공원,인천광역시 연수구 용담로 49 지진옥외대피장소,사물주소 확정,2019-11-25 13:20
332,연수구,대학공원,인천광역시 연수구 함박뫼로 160 지진옥외대피장소,사물주소 확정,2019-11-25 13:21
333,연수구,문화공원,인천광역시 연수구 새말로 108 지진옥외대피장소,사물주소 확정,2019-11-25 13:22
334,연수구,문화공원,인천광역시 연수구 새말로96번길 3 지진옥외대피장소,사물주소 확정,2019-11-25 13:22
335,연수구,문화공원,인천광역시 연수구 새말로96번길 9 지진옥외대피장소,사물주소 확정,2019-11-25 13:22
336,연수구,문화공원,인천광역시 연수구 새말로 120 지진옥외대피장소,사물주소 확정,2019-11-25 13:22
337,연수구,솔안 공원,인천광역시 연수구 원인재로 162 지진옥외대피장소,사물주소 확정,2019-11-25 13:23
338,연수구,솔안 공원,인천광역시 연수구 원인재로 170 지진옥외대피장소,사물주소 확정,2019-11-25 13:23
339,연수구,솔밭 공원,인천광역시 연수구 경원대로 335 지진옥외대피장소,사물주소 확정,2019-11-25 13:24
340,연수구,솔밭 공원,인천광역시 연수구 경원대로 339 지진옥외대피장소,사물주소 확정,2019-11-25 13:24
341,연수구,솔밭 공원,인천광역시 연수구 원인재로 246 지진옥외대피장소,사물주소 확정,2019-11-25 13:24
342,연수구,솔밭 공원,인천광역시 연수구 원인재로 256 지진옥외대피장소,사물주소 확정,2019-11-25 13:24
343,연수구,선학공원,인천광역시 연수구 경원대로 448 지진옥외대피장소,사물주소 확정,2024-01-30 17:52
344,연수구,선학공원,인천광역시 연수구 경원대로 450 지진옥외대피장소,사물주소 확정,2024-01-30 17:52
345,연수구,선학공원,인천광역시 연수구 비류대로 575 지진옥외대피장소,사물주소 확정,2024-01-30 17:52
346,연수구,선학공원,인천광역시 연수구 비류대로 583 지진옥외대피장소,사물주소 확정,2024-01-30 17:52
347,남동구,희망의 숲,인천광역시 남동구 경인로 579 지진옥외대피장소,사물주소 확정,2024-05-29 14:03
348,남동구,하늘어린이공원,인천광역시 남동구 구월로 171 지진옥외대피장소,사물주소 확정,2024-05-29 14:04
349,남동구,진주4호공영주차장,인천광역시 남동구 구월말로 106 지진옥외대피장소,사물주소 확정,2024-05-29 14:05
350,남동구,진주3호공영주차장,인천광역시 남동구 백범로157번길 23-5 지진옥외대피장소,사물주소 확정,2024-05-29 14:05
351,남동구,진주2호공영주차장,인천광역시 남동구 구월말로100번길 13-23 지진옥외대피장소,사물주소 확정,2024-05-29 14:05
352,남동구,중앙공원(주원지구),인천광역시 남동구 예술로 313 지진옥외대피장소,사물주소 확정,2024-05-29 14:05
353,남동구,장수초등학교 운동장,인천광역시 남동구 담방로 121 지진옥외대피장소,사물주소 확정,2024-05-29 14:05
354,남동구,은봉초등학교 운동장,인천광역시 남동구 은봉로312번길 11 지진옥외대피장소,사물주소 확정,2024-05-29 14:05
355,남동구,용광어린이공원,인천광역시 남동구 석산로 207 지진옥외대피장소,사물주소 확정,2024-05-29 14:06
356,남동구,쇄판어린이공원,인천광역시 남동구 서판로 17 지진옥외대피장소,사물주소 확정,2024-05-29 14:06
357,남동구,석촌근린공원,인천광역시 남동구 경인로742번길 104 지진옥외대피장소,사물주소 확정,2024-05-29 14:06
358,남동구,새말소공원,인천광역시 남동구 호구포로 933 지진옥외대피장소,사물주소 확정,2024-05-29 14:06
359,남동구,새남촌 공영주차장,인천광역시 남동구 남촌로124번길 13 지진옥외대피장소,사물주소 확정,2024-05-29 14:07
360,남동구,산호2호 공영주차장,인천광역시 남동구 서판로 26 지진옥외대피장소,사물주소 확정,2024-05-29 14:07
361,남동구,산밑말근린공원,인천광역시 남동구 만수로75번길 71-10 지진옥외대피장소,사물주소 확정,2024-05-29 14:07
362,남동구,만월쉼터,인천광역시 남동구 서판로53번길 39-3 지진옥외대피장소,사물주소 확정,2024-05-29 14:07
363,남동구,만수천어린이공원,인천광역시 남동구 복개동로 26-7 지진옥외대피장소,사물주소 확정,2024-05-29 14:07
364,남동구,뗏마루어린이공원,인천광역시 남동구 백범로169번길 31 지진옥외대피장소,사물주소 확정,2024-05-29 14:07
365,남동구,동부초교3호어린이공원,인천광역시 남동구 서판로68번길 75 지진옥외대피장소,사물주소 확정,2024-05-29 14:07
366,남동구,동부초교2호어린이공원,인천광역시 남동구 서판로68번길 21 지진옥외대피장소,사물주소 확정,2024-05-29 14:08
367,남동구,동부초교1호어린이공원,인천광역시 남동구 서판로64번길 39 지진옥외대피장소,사물주소 확정,2024-05-29 14:08
368,남동구,담방문화근린공원,인천광역시 남동구 소래로 641 지진옥외대피장소,사물주소 확정,2024-05-29 14:09
369,남동구,아시아드 선수촌 근린공원,인천광역시 남동구 선수촌공원로 16 지진옥외대피장소,사물주소 확정,2024-05-29 14:09
370,남동구,소래초등학교 운동장,인천광역시 남동구 장도로 2 지진옥외대피장소,사물주소 확정,2024-05-29 14:09
371,남동구,새골어린이공원,인천광역시 남동구 담방로 105-1 지진옥외대피장소,사물주소 확정,2024-05-29 14:09
372,남동구,상인천중학교 운동장,인천광역시 남동구 백범로297번길 21 지진옥외대피장소,사물주소 확정,2024-05-29 14:10
373,남동구,만성중학교 운동장,인천광역시 남동구 인주대로 899 지진옥외대피장소,사물주소 확정,2024-05-29 14:10
374,남동구,만수어린이공원,인천광역시 남동구 구월로336번길 30 지진옥외대피장소,사물주소 확정,2024-05-29 14:10
375,남동구,논현중학교 운동장,인천광역시 남동구 포구로 118 지진옥외대피장소,사물주소 확정,2024-05-29 14:10
376,남동구,논현고등학교 운동장,인천광역시 남동구 청능대로611번길 54 지진옥외대피장소,사물주소 확정,2024-05-29 14:10
377,남동구,남동문화근린공원,인천광역시 남동구 인주대로776번길 53 지진옥외대피장소,사물주소 확정,2024-05-29 14:11
378,남동구,시청 본관 잔디밭(인천애뜰),인천광역시 남동구 미래로 37 지진옥외대피장소,사물주소 확정,2021-07-08 13:11
379,남동구,시청 본관 잔디밭(인천애뜰),인천광역시 남동구 미래로 49 지진옥외대피장소,사물주소 확정,2021-07-08 13:11
380,남동구,시청 본관 잔디밭(인천애뜰),인천광역시 남동구 미래로 44 지진옥외대피장소,사물주소 확정,2021-07-08 13:11
381,남동구,시청 본관 잔디밭(인천애뜰),인천광역시 남동구 미래로 38 지진옥외대피장소,사물주소 확정,2021-07-08 13:11
382,남동구,시청 본관 잔디밭(인천애뜰),인천광역시 남동구 미래로 43 지진옥외대피장소,사물주소 확정,2021-07-08 13:11
383,남동구,시청 본관 잔디밭(인천애뜰),인천광역시 남동구 미래로 50 지진옥외대피장소,사물주소 확정,2021-07-08 13:11
384,남동구,바람어린이공원,인천광역시 남동구 앵고개로815번길 35-1 지진옥외대피장소,사물주소 확정,2019-11-12 17:31
385,남동구,바람어린이공원,인천광역시 남동구 앵고개로815번길 35 지진옥외대피장소,사물주소 확정,2019-11-12 17:31
386,남동구,바람어린이공원,인천광역시 남동구 앵고개로 789 지진옥외대피장소,사물주소 확정,2019-11-12 17:31
387,남동구,바람어린이공원,인천광역시 남동구 앵고개로 789-1 지진옥외대피장소,사물주소 확정,2019-11-12 17:31
388,남동구,나루소공원,인천광역시 남동구 소래역남로 28 지진옥외대피장소,사물주소 확정,2019-11-12 16:41
389,남동구,나루소공원,인천광역시 남동구 소래역남로16번길 47 지진옥외대피장소,사물주소 확정,2019-11-12 16:41
390,남동구,한아름근린공원,인천광역시 남동구 논고개로 51 지진옥외대피장소,사물주소 확정,2019-11-12 17:31
391,남동구,한아름근린공원,인천광역시 남동구 에코중앙로 219 지진옥외대피장소,사물주소 확정,2019-11-12 17:31
392,남동구,한아름근린공원,인천광역시 남동구 에코중앙로 207 지진옥외대피장소,사물주소 확정,2019-11-12 17:31
393,남동구,한아름근린공원,인천광역시 남동구 앵고개로 842 지진옥외대피장소,사물주소 확정,2019-11-12 17:31
394,남동구,한아름근린공원,인천광역시 남동구 논고개로 41 지진옥외대피장소,사물주소 확정,2019-11-12 17:31
395,남동구,한아름근린공원,인천광역시 남동구 에코중앙로 205 지진옥외대피장소,사물주소 확정,2019-11-12 17:31
396,남동구,논현포대근린공원,인천광역시 남동구 은봉로 142 지진옥외대피장소,사물주소 확정,2019-11-12 17:34
397,남동구,논현포대근린공원,인천광역시 남동구 남동동로 242 지진옥외대피장소,사물주소 확정,2019-11-12 17:34
398,남동구,논현포대근린공원,인천광역시 남동구 은봉로166번길 54 지진옥외대피장소,사물주소 확정,2019-11-12 17:34
399,남동구,논현중앙근린공원,인천광역시 남동구 청능대로 609 지진옥외대피장소,사물주소 확정,2019-11-12 17:34
400,남동구,논현중앙근린공원,인천광역시 남동구 청능대로611번길 11 지진옥외대피장소,사물주소 확정,2019-11-12 17:34
401,남동구,오봉근린공원,인천광역시 남동구 오봉로 34 지진옥외대피장소,사물주소 확정,2019-11-12 17:35
402,남동구,오봉근린공원,인천광역시 남동구 오봉로 28 지진옥외대피장소,사물주소 확정,2019-11-12 17:35
403,남동구,오봉근린공원,인천광역시 남동구 오봉로 26 지진옥외대피장소,사물주소 확정,2019-11-12 17:35
404,남동구,오봉근린공원,인천광역시 남동구 오봉로 30 지진옥외대피장소,사물주소 확정,2019-11-12 17:35
405,남동구,오봉근린공원,인천광역시 남동구 오봉로 36 지진옥외대피장소,사물주소 확정,2019-11-12 17:35
406,남동구,오봉근린공원,인천광역시 남동구 오봉로 40 지진옥외대피장소,사물주소 확정,2019-11-12 17:35
407,남동구,오봉근린공원,인천광역시 남동구 논고개로334번길 28 지진옥외대피장소,사물주소 확정,2019-11-12 17:35
408,남동구,물빛근린공원,인천광역시 남동구 서창방산로 6 지진옥외대피장소,사물주소 확정,2019-11-12 17:35
409,남동구,물빛근린공원,인천광역시 남동구 서창방산로 16 지진옥외대피장소,사물주소 확정,2019-11-12 17:35
410,남동구,물빛근린공원,인천광역시 남동구 서창방산로 34 지진옥외대피장소,사물주소 확정,2019-11-12 17:35
411,남동구,물빛근린공원,인천광역시 남동구 서창방산로 20 지진옥외대피장소,사물주소 확정,2019-11-12 17:35
412,남동구,물빛근린공원,인천광역시 남동구 서창방산로 34-3 지진옥외대피장소,사물주소 확정,2019-11-12 17:35
413,남동구,물빛근린공원,인천광역시 남동구 서창방산로 34-2 지진옥외대피장소,사물주소 확정,2019-11-12 17:35
414,남동구,물빛근린공원,인천광역시 남동구 서창방산로 34-1 지진옥외대피장소,사물주소 확정,2019-11-12 17:35
415,남동구,어울근린공원,인천광역시 남동구 서창남순환로 157 지진옥외대피장소,사물주소 확정,2019-11-12 17:36
416,남동구,어울근린공원,인천광역시 남동구 서창남순환로 137 지진옥외대피장소,사물주소 확정,2019-11-12 17:36
417,남동구,어울근린공원,인천광역시 남동구 서창남순환로 119 지진옥외대피장소,사물주소 확정,2019-11-12 17:36
418,남동구,어울근린공원,인천광역시 남동구 서창남순환로 159 지진옥외대피장소,사물주소 확정,2019-11-12 17:36
419,남동구,어울근린공원,인천광역시 남동구 서창남로 101 지진옥외대피장소,사물주소 확정,2019-11-12 17:36
420,남동구,어울근린공원,인천광역시 남동구 서창남로 89 지진옥외대피장소,사물주소 확정,2019-11-12 17:36
421,남동구,서창근린공원,인천광역시 남동구 독곡로 18 지진옥외대피장소,사물주소 확정,2019-11-12 17:36
422,남동구,서창근린공원,인천광역시 남동구 독곡로16번길 11 지진옥외대피장소,사물주소 확정,2019-11-12 17:36
423,남동구,서창근린공원,인천광역시 남동구 독곡로16번길 9 지진옥외대피장소,사물주소 확정,2019-11-12 17:36
424,남동구,서창근린공원,인천광역시 남동구 독곡로48번길 43 지진옥외대피장소,사물주소 확정,2019-11-12 17:36
425,남동구,구월근린공원,인천광역시 남동구 호구포로857번길 23 지진옥외대피장소,사물주소 확정,2019-11-12 17:36
426,남동구,동방초등학교 운동장,인천광역시 남동구 논현로 119 지진옥외대피장소,사물주소 확정,2019-11-12 17:36
427,남동구,동방초등학교 운동장,인천광역시 남동구 논현역로 31 지진옥외대피장소,사물주소 확정,2019-11-12 17:36
428,남동구,인천시청 운동장,인천광역시 남동구 정각로 35 지진옥외대피장소,사물주소 확정,2020-01-30 14:08
429,남동구,논현초등학교 운동장,"인천광역시 남동구 논현로 224, (논현동) 지진옥외대피장소",사물주소 확정,2019-11-12 17:37
430,남동구,논현초등학교 운동장,인천광역시 남동구 소래역로 102 지진옥외대피장소,사물주소 확정,2019-11-12 17:37
431,남동구,논곡초등학교 운동장,인천광역시 남동구 함박뫼로 429 지진옥외대피장소,사물주소 확정,2019-11-12 17:37
432,남동구,장도초등학교 운동장,인천광역시 남동구 포구로 112 지진옥외대피장소,사물주소 확정,2019-11-12 17:37
433,남동구,도림초등학교 운동장,인천광역시 남동구 논고개로334번길 21 지진옥외대피장소,사물주소 확정,2019-11-12 17:38
434,남동구,남촌초등학교 운동장,인천광역시 남동구 남촌로 101 지진옥외대피장소,사물주소 확정,2019-11-12 17:38
435,남동구,서창중학교 운동장,인천광역시 남동구 독곡로48번길 9 지진옥외대피장소,사물주소 확정,2019-11-12 17:38
436,남동구,서창중학교 운동장,인천광역시 남동구 독곡로60번길 16 지진옥외대피장소,사물주소 확정,2019-11-12 17:38
437,남동구,서창초등학교 운동장,인천광역시 남동구 장아산로174번길 8 지진옥외대피장소,사물주소 확정,2019-11-12 17:38
438,남동구,서창초등학교 운동장,인천광역시 남동구 장아산로 164 지진옥외대피장소,사물주소 확정,2019-11-12 17:38
439,남동구,만수초등학교 운동장,인천광역시 남동구 소래로 652 지진옥외대피장소,사물주소 확정,2019-11-12 17:38
440,남동구,담방초등학교 운동장,인천광역시 남동구 매소홀로 1027 지진옥외대피장소,사물주소 확정,2019-11-12 17:38
441,남동구,남동초등학교 운동장,인천광역시 남동구 장승남로33번길 10 지진옥외대피장소,사물주소 확정,2019-11-12 17:39
442,남동구,남동중학교 운동장,인천광역시 남동구 담방로 7 지진옥외대피장소,사물주소 확정,2019-11-12 17:39
443,남동구,만월중학교 운동장,인천광역시 남동구 서창남순환로 22 지진옥외대피장소,사물주소 확정,2019-11-12 17:40
444,남동구,만월중학교 운동장,인천광역시 남동구 서창남순환로 28 지진옥외대피장소,사물주소 확정,2019-11-12 17:40
445,남동구,만수중학교 운동장,인천광역시 남동구 인수로 13 지진옥외대피장소,사물주소 확정,2019-11-14 09:57
446,남동구,인수초등학교 운동장,인천광역시 남동구 인수로 3 지진옥외대피장소,사물주소 확정,2019-11-14 10:00
447,남동구,만수여자중학교 운동장,인천광역시 남동구 만수로50번길 22-36 지진옥외대피장소,사물주소 확정,2019-11-14 10:00
448,남동구,조동초등학교 운동장,인천광역시 남동구 백범로124번길 164 지진옥외대피장소,사물주소 확정,2019-11-14 10:00
449,남동구,만수북중학교 운동장,인천광역시 남동구 만수서로 117 지진옥외대피장소,사물주소 확정,2019-11-14 10:00
450,남동구,인동초등학교 운동장,인천광역시 남동구 백범로248번길 38 지진옥외대피장소,사물주소 확정,2019-11-14 10:01
451,남동구,동부초등학교 운동장,인천광역시 남동구 만수서로33번길 25 지진옥외대피장소,사물주소 확정,2019-11-14 10:01
452,남동구,만수북초등학교 운동장,인천광역시 남동구 백범로180번길 25 지진옥외대피장소,사물주소 확정,2019-11-14 10:01
453,남동구,주원초등학교 운동장,인천광역시 남동구 주안로271번길 21 지진옥외대피장소,사물주소 확정,2019-11-14 11:06
454,남동구,주원초등학교 운동장,인천광역시 남동구 주안로259번길 28 지진옥외대피장소,사물주소 확정,2019-11-14 11:06
455,남동구,석정초등학교 운동장,인천광역시 남동구 석정로539번길 32 지진옥외대피장소,사물주소 확정,2019-11-14 11:06
456,남동구,약산초등학교 운동장,인천광역시 남동구 간석로 22 지진옥외대피장소,사물주소 확정,2019-11-14 11:16
457,남동구,약산초등학교 운동장,인천광역시 남동구 간석로26번길 10 지진옥외대피장소,사물주소 확정,2019-11-14 11:16
458,남동구,상아초등학교 운동장,인천광역시 남동구 석산로184번길 66 지진옥외대피장소,사물주소 확정,2019-11-14 11:16
459,남동구,간석여자중학교 운동장,인천광역시 남동구 간석로25번길 13 지진옥외대피장소,사물주소 확정,2019-11-14 11:16
460,남동구,인제고등학교 운동장,인천광역시 남동구 석산로197번길 19 지진옥외대피장소,사물주소 확정,2019-11-14 11:16
461,남동구,상인천초등학교 운동장,인천광역시 남동구 석산로141번길 29 지진옥외대피장소,사물주소 확정,2019-11-14 11:17
462,남동구,상인천초등학교 운동장,인천광역시 남동구 석산로131번길 30 지진옥외대피장소,사물주소 확정,2019-11-14 11:17
463,남동구,인천예술고등학교 운동장,인천광역시 남동구 구월로115번길 36 지진옥외대피장소,사물주소 확정,2019-11-14 11:18
464,남동구,인천예술고등학교 운동장,인천광역시 남동구 구월로115번길 46 지진옥외대피장소,사물주소 확정,2019-11-14 11:18
465,남동구,신월초등학교 운동장,인천광역시 남동구 인주대로776번길 14 지진옥외대피장소,사물주소 확정,2019-11-14 11:18
466,남동구,구월서초등학교 운동장,인천광역시 남동구 문화서로77번길 14 지진옥외대피장소,사물주소 확정,2019-11-14 11:19
467,남동구,구월서초등학교 운동장,인천광역시 남동구 문화서로89번길 15 지진옥외대피장소,사물주소 확정,2019-11-14 11:19
468,남동구,동인천중학교 운동장,인천광역시 남동구 문화로169번길 67 지진옥외대피장소,사물주소 확정,2019-11-14 11:20
469,남동구,동인천중학교 운동장,인천광역시 남동구 구월남로57번길 12 지진옥외대피장소,사물주소 확정,2019-11-14 11:20
470,남동구,간석초등학교 운동장,인천광역시 남동구 석산로208번길 37 지진옥외대피장소,사물주소 확정,2019-11-14 11:20
471,남동구,정각초등학교 운동장,인천광역시 남동구 구월로 228 지진옥외대피장소,사물주소 확정,2019-11-14 11:20
472,남동구,석천초등학교 운동장,인천광역시 남동구 남동대로 828 지진옥외대피장소,사물주소 확정,2019-11-14 11:20
473,남동구,성리초등학교 운동장,인천광역시 남동구 성리로 32-2 지진옥외대피장소,사물주소 확정,2019-11-14 11:21
474,남동구,성리초등학교 운동장,인천광역시 남동구 선수촌공원로 67 지진옥외대피장소,사물주소 확정,2019-11-14 11:21
475,남동구,구월여자중학교 운동장,인천광역시 남동구 인주대로604번길 22 지진옥외대피장소,사물주소 확정,2019-11-14 11:22
476,남동구,구월여자중학교 운동장,인천광역시 남동구 성말로13번길 78 지진옥외대피장소,사물주소 확정,2019-11-14 11:22
477,남동구,구월초등학교 운동장,인천광역시 남동구 인주대로721번길 49 지진옥외대피장소,사물주소 확정,2019-11-14 11:22
478,남동구,만월초등학교 운동장,인천광역시 남동구 선수촌로 28 지진옥외대피장소,사물주소 확정,2019-11-14 11:22
479,부평구,희망공원,인천광역시 부평구 창휘로 6 지진옥외대피장소,사물주소 확정,2024-06-26 14:10
480,부평구,한가람어린이공원,인천광역시 부평구 동수천로 53 지진옥외대피장소,사물주소 확정,2024-06-26 13:54
481,부평구,인평자동차고등학교운동장,인천광역시 부평구 화랑로 111 지진옥외대피장소,사물주소 확정,2024-06-26 13:44
482,부평구,인천하정초등학교운동장,인천광역시 부평구 이규보로 14 지진옥외대피장소,사물주소 확정,2024-06-26 13:38
483,부평구,인천진산초등학교운동장,인천광역시 부평구 굴포로 194-10 지진옥외대피장소,사물주소 확정,2024-06-26 13:31
484,부평구,인천진산과학고등학교운동장,인천광역시 부평구 굴포로 194-9 지진옥외대피장소,사물주소 확정,2024-06-26 13:26
485,부평구,인천예림학교운동장,인천광역시 부평구 동수로 87 지진옥외대피장소,사물주소 확정,2024-06-26 13:21
486,부평구,인천영선초등학교운동장,인천광역시 부평구 충선로 293 지진옥외대피장소,사물주소 확정,2024-06-26 13:12
487,부평구,인천삼산중학교운동장,인천광역시 부평구 충선로 308 지진옥외대피장소,사물주소 확정,2024-06-26 13:06
488,부평구,인천산곡북초등학교운동장,인천광역시 부평구 산청로 20 지진옥외대피장소,사물주소 확정,2024-06-26 11:38
489,부평구,인천산곡남초등학교운동장,인천광역시 부평구 부흥로144번길 30 지진옥외대피장소,사물주소 확정,2024-06-26 11:38
490,부평구,인천산곡고등학교운동장,인천광역시 부평구 원적로416번길 25 지진옥외대피장소,사물주소 확정,2024-06-26 11:39
491,부평구,인천부평남초등학교운동장,인천광역시 부평구 경인로911번길 28 지진옥외대피장소,사물주소 확정,2024-06-26 11:24
492,부평구,인천부마초등학교운동장,인천광역시 부평구 안남로253번길 41 지진옥외대피장소,사물주소 확정,2024-06-26 11:19
493,부평구,인천부곡초등학교운동장,인천광역시 부평구 마장로272번길 73 지진옥외대피장소,사물주소 확정,2024-06-26 11:15
494,부평구,인천동암초등학교운동장,인천광역시 부평구 동암남로35번길 4 지진옥외대피장소,사물주소 확정,2024-06-26 11:10
495,부평구,인천동수초등학교운동장,인천광역시 부평구 동수로120번길 10 지진옥외대피장소,사물주소 확정,2024-06-11 14:48
496,부평구,인천대정초등학교,인천광역시 부평구 안남로 115 지진옥외대피장소,사물주소 확정,2024-06-11 14:40
497,부평구,인천금마초등학교,인천광역시 부평구 일신로 88 지진옥외대피장소,사물주소 확정,2024-06-11 14:27
498,부평구,인천굴포초등학교운동장,인천광역시 부평구 충선로234번길 19 지진옥외대피장소,사물주소 확정,2024-06-11 14:22
499,부평구,수도군수지원단 군용철길,인천광역시 부평구 경인로1032번길 25 지진옥외대피장소,사물주소 확정,2024-06-11 13:59
500,부평구,산곡여자중학교운동장,인천광역시 부평구 마장로204번길 37 지진옥외대피장소,사물주소 확정,2024-06-11 13:42
501,부평구,산곡남중학교운동장,인천광역시 부평구 안남로 187 지진옥외대피장소,사물주소 확정,2024-06-11 13:28
502,부평구,부평여자고등학교운동장,인천광역시 부평구 부흥로243번길 44 지진옥외대피장소,사물주소 확정,2024-06-11 13:22
503,부평구,부원중학교운동장,인천광역시 부평구 경원대로 1339 지진옥외대피장소,사물주소 확정,2024-06-11 13:13
504,부평구,부원여자중학교운동장,인천광역시 부평구 부영로 86 지진옥외대피장소,사물주소 확정,2024-06-11 11:23
505,부평구,부영공원족구장,인천광역시 부평구 부흥로 185 지진옥외대피장소,사물주소 확정,2024-06-11 11:13
506,부평구,부영공원,인천광역시 부평구 안남로 146 지진옥외대피장소,사물주소 확정,2024-06-11 10:58
507,부평구,부광고등학교운동장,인천광역시 부평구 화랑로 28 지진옥외대피장소,사물주소 확정,2024-06-11 10:30
508,부평구,벚나무쉼터공원,인천광역시 부평구 부평대로165번길 91 지진옥외대피장소,사물주소 확정,2024-06-11 10:23
509,부평구,동암중학교 운동장,인천광역시 부평구 동암산로43번길 12 지진옥외대피장소,사물주소 확정,2024-06-11 10:02
510,부평구,동수녹지,인천광역시 부평구 장제로 10 지진옥외대피장소,사물주소 확정,2024-06-11 09:51
511,부평구,인천부평서초등학교 운동장,인천광역시 부평구 부평문화로53번길 19 지진옥외대피장소,사물주소 확정,2022-03-08 13:42
512,부평구,인천영선고등학교 운동장,인천광역시 부평구 체육관로 177 지진옥외대피장소,사물주소 확정,2021-04-02 10:00
513,부평구,인천한길초등학교 운동장,인천광역시 부평구 영성중로36번길 6 지진옥외대피장소,사물주소 확정,2021-04-02 10:02
514,부평구,인천한길초등학교 운동장,인천광역시 부평구 영성중로 32 지진옥외대피장소,사물주소 확정,2021-04-02 10:02
515,부평구,부광중학교 운동장,인천광역시 부평구 충선로 140 지진옥외대피장소,사물주소 확정,2021-04-02 10:03
516,부평구,부개고등학교 운동장,인천광역시 부평구 부평문화로216번길 32 지진옥외대피장소,사물주소 확정,2021-04-02 10:03
517,부평구,부개고등학교 운동장,인천광역시 부평구 수변로57번길 36 지진옥외대피장소,사물주소 확정,2021-04-02 10:03
518,부평구,부광여자고등학교 운동장,인천광역시 부평구 충선로 143 지진옥외대피장소,사물주소 확정,2021-04-02 10:05
519,부평구,부평동중학교 운동장,인천광역시 부평구 수변로107번길 4 지진옥외대피장소,사물주소 확정,2021-04-02 10:05
520,부평구,인천갈산중학교 운동장,인천광역시 부평구 주부토로 166 지진옥외대피장소,사물주소 확정,2021-04-02 10:18
521,부평구,진산중학교 운동장,인천광역시 부평구 충선로234번길 70 지진옥외대피장소,사물주소 확정,2021-04-02 10:08
522,부평구,인천부내초등학교 운동장,인천광역시 부평구 수변로 129 지진옥외대피장소,사물주소 확정,2021-04-02 10:09
523,부평구,인천부일초등학교 운동장,인천광역시 부평구 부흥북로 175 지진옥외대피장소,사물주소 확정,2021-07-28 15:26
524,부평구,구산어린이공원,인천광역시 부평구 일신로 124-46 지진옥외대피장소,사물주소 확정,2019-11-15 10:15
525,부평구,구산어린이공원,인천광역시 부평구 일신로 124-44 지진옥외대피장소,사물주소 확정,2019-11-15 10:15
526,부평구,구산어린이공원,인천광역시 부평구 일신로 120 지진옥외대피장소,사물주소 확정,2019-11-15 10:15
527,부평구,하정공원(85호공원),인천광역시 부평구 열우물로50번길 29 지진옥외대피장소,사물주소 확정,2019-11-15 10:17
528,부평구,하정공원(85호공원),인천광역시 부평구 이규보로 10-15 지진옥외대피장소,사물주소 확정,2019-11-15 10:17
529,부평구,하정공원(85호공원),인천광역시 부평구 열우물로50번길 21-10 지진옥외대피장소,사물주소 확정,2019-11-15 10:17
530,부평구,수정공원(84호공원),인천광역시 부평구 열우물로50번길 88 지진옥외대피장소,사물주소 확정,2019-11-15 10:17
531,부평구,수정공원(84호공원),인천광역시 부평구 하정로15번길 49 지진옥외대피장소,사물주소 확정,2019-11-15 10:17
532,부평구,수정공원(84호공원),인천광역시 부평구 하정로15번길 43 지진옥외대피장소,사물주소 확정,2019-11-15 10:17
533,부평구,일신어린이공원(일신1호공원),인천광역시 부평구 경인로1118번길 80 지진옥외대피장소,사물주소 확정,2019-11-15 10:17
534,부평구,일신어린이공원(일신1호공원),인천광역시 부평구 항동로75번길 18 지진옥외대피장소,사물주소 확정,2019-11-15 10:17
535,부평구,새울공원(부개3공원),인천광역시 부평구 부개로 64 지진옥외대피장소,사물주소 확정,2019-11-15 10:23
536,부평구,새울공원(부개3공원),인천광역시 부평구 길주남로 170 지진옥외대피장소,사물주소 확정,2019-11-15 10:23
537,부평구,새울공원(부개3공원),인천광역시 부평구 길주남로 168 지진옥외대피장소,사물주소 확정,2019-11-15 10:23
538,부평구,신궁동공원(부개1공원),인천광역시 부평구 부개로 79 지진옥외대피장소,사물주소 확정,2019-11-15 10:24
539,부평구,신궁동공원(부개1공원),인천광역시 부평구 부개로 75-12 지진옥외대피장소,사물주소 확정,2019-11-15 10:24
540,부평구,세모공원,인천광역시 부평구 수변로57번길 48 지진옥외대피장소,사물주소 확정,2019-11-15 10:24
541,부평구,세모공원,인천광역시 부평구 부평문화로194번길 15 지진옥외대피장소,사물주소 확정,2019-11-15 10:24
542,부평구,세모공원,인천광역시 부평구 부평문화로194번길 35 지진옥외대피장소,사물주소 확정,2019-11-15 10:24
543,부평구,세모공원,인천광역시 부평구 수변로57번길 58 지진옥외대피장소,사물주소 확정,2019-11-15 10:24
544,부평구,부이공원,인천광역시 부평구 부일로83번길 20 지진옥외대피장소,사물주소 확정,2019-11-15 10:24
545,부평구,부이공원,인천광역시 부평구 부일로83번길 26 지진옥외대피장소,사물주소 확정,2019-11-15 10:24
546,부평구,부이공원,인천광역시 부평구 부일로83번길 44 지진옥외대피장소,사물주소 확정,2019-11-15 10:24
547,부평구,부이공원,인천광역시 부평구 수변로37번길 15-6 지진옥외대피장소,사물주소 확정,2019-11-15 10:24
548,부평구,부이공원,인천광역시 부평구 부일로83번길 36 지진옥외대피장소,사물주소 확정,2019-11-15 10:24
549,부평구,나비공원,인천광역시 부평구 평천로 26-47 지진옥외대피장소,사물주소 확정,2019-11-15 10:24
550,부평구,마분공원(82호공원),인천광역시 부평구 경인로1092번길 29 지진옥외대피장소,사물주소 확정,2019-11-15 10:24
551,부평구,마분공원(82호공원),인천광역시 부평구 경인로1092번길 23 지진옥외대피장소,사물주소 확정,2019-11-15 10:24
552,부평구,사랑샘공원,인천광역시 부평구 후정동로31번길 33 지진옥외대피장소,사물주소 확정,2019-11-15 10:26
553,부평구,사랑샘공원,인천광역시 부평구 충선로 358 지진옥외대피장소,사물주소 확정,2019-11-15 10:26
554,부평구,사랑샘공원,인천광역시 부평구 충선로 354 지진옥외대피장소,사물주소 확정,2019-11-15 10:26
555,부평구,사랑샘공원,인천광역시 부평구 충선로 356 지진옥외대피장소,사물주소 확정,2019-11-15 10:26
556,부평구,동심공원(삼산1-4공원),인천광역시 부평구 수변로 264 지진옥외대피장소,사물주소 확정,2019-11-15 10:26
557,부평구,동심공원(삼산1-4공원),인천광역시 부평구 체육관로 97 지진옥외대피장소,사물주소 확정,2019-11-15 10:26
558,부평구,햇살공원(삼산1-1공원),인천광역시 부평구 장제로340번길 13 지진옥외대피장소,사물주소 확정,2019-11-15 10:26
559,부평구,햇살공원(삼산1-1공원),인천광역시 부평구 충선로311번길 41-18 지진옥외대피장소,사물주소 확정,2019-11-15 10:26
560,부평구,십정체육공원,인천광역시 부평구 열우물로150번길 11 지진옥외대피장소,사물주소 확정,2019-11-27 13:24
561,부평구,십정체육공원,인천광역시 부평구 열우물로 164 지진옥외대피장소,사물주소 확정,2019-11-27 13:24
562,부평구,십정체육공원,인천광역시 부평구 여우재로 24 지진옥외대피장소,사물주소 확정,2019-11-27 13:24
563,부평구,십정체육공원,인천광역시 부평구 열우물로 176 지진옥외대피장소,사물주소 확정,2019-11-27 13:24
564,부평구,나래공원(삼산2-7공원),인천광역시 부평구 평천로 493 지진옥외대피장소,사물주소 확정,2019-11-15 11:06
565,부평구,나래공원(삼산2-7공원),인천광역시 부평구 영성동로 17 지진옥외대피장소,사물주소 확정,2019-11-15 11:06
566,부평구,나래공원(삼산2-7공원),인천광역시 부평구 영성중로 24 지진옥외대피장소,사물주소 확정,2019-11-15 11:06
567,부평구,나래공원(삼산2-7공원),인천광역시 부평구 평천로 499 지진옥외대피장소,사물주소 확정,2019-11-15 11:06
568,부평구,백운공원,인천광역시 부평구 아트센터로 159 지진옥외대피장소,사물주소 확정,2022-09-05 17:53
569,부평구,백운공원,인천광역시 부평구 경원대로 1168 지진옥외대피장소,사물주소 확정,2022-09-05 17:53
570,부평구,도드리공원(삼산2-5공원),인천광역시 부평구 영성동로 45 지진옥외대피장소,사물주소 확정,2019-11-15 11:07
571,부평구,도드리공원(삼산2-5공원),인천광역시 부평구 영성중로 44 지진옥외대피장소,사물주소 확정,2019-11-15 11:07
572,부평구,도드리공원(삼산2-5공원),인천광역시 부평구 영성로 65 지진옥외대피장소,사물주소 확정,2019-11-15 11:07
573,부평구,도드리공원(삼산2-5공원),인천광역시 부평구 영성로 57 지진옥외대피장소,사물주소 확정,2019-11-15 11:07
574,부평구,뫼골문화공원,인천광역시 부평구 세월천로 82 지진옥외대피장소,사물주소 확정,2019-11-15 11:08
575,부평구,뫼골문화공원,인천광역시 부평구 산청로 57 지진옥외대피장소,사물주소 확정,2019-11-15 11:08
576,부평구,가족공원(삼산2-4공원),인천광역시 부평구 영성서로 36 지진옥외대피장소,사물주소 확정,2019-11-15 11:08
577,부평구,가족공원(삼산2-4공원),인천광역시 부평구 영성서로 34 지진옥외대피장소,사물주소 확정,2019-11-15 11:08
578,부평구,갈산근린공원,인천광역시 부평구 부평대로296번길 71 지진옥외대피장소,사물주소 확정,2019-11-15 11:08
579,부평구,박물관공원,인천광역시 부평구 수변로 305 지진옥외대피장소,사물주소 확정,2019-11-15 11:08
580,부평구,박물관공원,인천광역시 부평구 굴포로 161 지진옥외대피장소,사물주소 확정,2019-11-15 11:08
581,부평구,박물관공원,인천광역시 부평구 굴포로 169 지진옥외대피장소,사물주소 확정,2019-11-15 11:08
582,부평구,만월공원,인천광역시 부평구 호구포로 1167 지진옥외대피장소,사물주소 확정,2019-11-15 11:08
583,부평구,상상공원(삼산2-2공원),인천광역시 부평구 영성서로 23-3 지진옥외대피장소,사물주소 확정,2022-09-05 17:52
584,부평구,상상공원(삼산2-2공원),인천광역시 부평구 영성서로 19 지진옥외대피장소,사물주소 확정,2022-09-05 17:52
585,부평구,대갈공원(갈산8공원),인천광역시 부평구 장제로249번길 17 지진옥외대피장소,사물주소 확정,2019-11-15 11:09
586,부평구,대갈공원(갈산8공원),인천광역시 부평구 장제로249번길 9-4 지진옥외대피장소,사물주소 확정,2019-11-15 11:09
587,부평구,대갈공원(갈산8공원),인천광역시 부평구 장제로249번길 9-14 지진옥외대피장소,사물주소 확정,2019-11-15 11:09
588,부평구,대갈공원(갈산8공원),인천광역시 부평구 장제로249번길 25-3 지진옥외대피장소,사물주소 확정,2019-11-15 11:09
589,부평구,하동공원,인천광역시 부평구 배곶로40번길 11 지진옥외대피장소,사물주소 확정,2019-11-15 11:09
590,부평구,하동공원,인천광역시 부평구 배곶로40번길 17-3 지진옥외대피장소,사물주소 확정,2019-11-15 11:09
591,부평구,하동공원,인천광역시 부평구 배곶로40번길 7-6 지진옥외대피장소,사물주소 확정,2019-11-15 11:09
592,부평구,마당공원(갈산7공원),인천광역시 부평구 주부토로146번길 21 지진옥외대피장소,사물주소 확정,2019-11-15 11:10
593,부평구,마당공원(갈산7공원),인천광역시 부평구 길주로585번길 21 지진옥외대피장소,사물주소 확정,2019-11-15 11:10
594,부평구,마당공원(갈산7공원),인천광역시 부평구 길주로585번길 19 지진옥외대피장소,사물주소 확정,2019-11-15 11:10
595,부평구,마당공원(갈산7공원),인천광역시 부평구 주부토로146번길 13-6 지진옥외대피장소,사물주소 확정,2019-11-15 11:10
596,부평구,산곡중학교 운동장,인천광역시 부평구 원적로300번길 14 지진옥외대피장소,사물주소 확정,2019-11-15 11:10
597,부평구,쉼터공원(갈산6공원),인천광역시 부평구 길주로547번길 8-9 지진옥외대피장소,사물주소 확정,2019-11-15 11:10
598,부평구,쉼터공원(갈산6공원),인천광역시 부평구 주부토로145번길 41 지진옥외대피장소,사물주소 확정,2019-11-15 11:10
599,부평구,쉼터공원(갈산6공원),인천광역시 부평구 길주로547번길 10 지진옥외대피장소,사물주소 확정,2019-11-15 11:10
600,부평구,반월공원(갈산5공원),인천광역시 부평구 갈월동로 32 지진옥외대피장소,사물주소 확정,2019-11-15 11:10
601,부평구,반월공원(갈산5공원),인천광역시 부평구 갈월동로 28 지진옥외대피장소,사물주소 확정,2019-11-15 11:10
602,부평구,동암공원,인천광역시 부평구 경인로667번길 70 지진옥외대피장소,사물주소 확정,2019-11-15 11:10
603,부평구,동암공원,인천광역시 부평구 동암남로8번길 24 지진옥외대피장소,사물주소 확정,2019-11-15 11:10
604,부평구,대월공원(갈산4공원),인천광역시 부평구 부평대로 204 지진옥외대피장소,사물주소 확정,2019-11-15 11:11
605,부평구,대월공원(갈산4공원),인천광역시 부평구 갈월서로 19 지진옥외대피장소,사물주소 확정,2019-11-15 11:11
606,부평구,약산공원,인천광역시 부평구 동암산로37번길 15 지진옥외대피장소,사물주소 확정,2019-11-15 11:11
607,부평구,약산공원,인천광역시 부평구 아트센터로74번길 85 지진옥외대피장소,사물주소 확정,2019-11-15 11:11
608,부평구,약산공원,인천광역시 부평구 동암산로33번길 6-16 지진옥외대피장소,사물주소 확정,2019-11-15 11:11
609,부평구,새갈공원(갈산2공원),인천광역시 부평구 갈월동로 68 지진옥외대피장소,사물주소 확정,2019-11-15 11:11
610,부평구,새갈공원(갈산2공원),인천광역시 부평구 갈월동로 72 지진옥외대피장소,사물주소 확정,2019-11-15 11:11
611,부평구,상꾸지공원(갈산1공원),인천광역시 부평구 주부토로 209 지진옥외대피장소,사물주소 확정,2019-11-15 11:11
612,부평구,상꾸지공원(갈산1공원),인천광역시 부평구 주부토로 213 지진옥외대피장소,사물주소 확정,2019-11-15 11:11
613,부평구,갈월공원(갈산9공원),인천광역시 부평구 부평대로260번길 17 지진옥외대피장소,사물주소 확정,2019-11-15 11:11
614,부평구,갈월공원(갈산9공원),인천광역시 부평구 부평대로260번길 13-12 지진옥외대피장소,사물주소 확정,2019-11-15 11:11
615,부평구,갈월공원(갈산9공원),인천광역시 부평구 부평대로276번길 40 지진옥외대피장소,사물주소 확정,2019-11-15 11:11
616,부평구,갈월공원(갈산9공원),인천광역시 부평구 부평대로260번길 13-8 지진옥외대피장소,사물주소 확정,2019-11-15 11:11
617,부평구,법성공원,인천광역시 부평구 동암산로 60 지진옥외대피장소,사물주소 확정,2019-11-15 11:12
618,부평구,법성공원,인천광역시 부평구 동암산로 66-10 지진옥외대피장소,사물주소 확정,2019-11-15 11:12
619,부평구,법성공원,인천광역시 부평구 동암산로 62 지진옥외대피장소,사물주소 확정,2019-11-15 11:12
620,부평구,신복공원(76호공원),인천광역시 부평구 장제로222번길 16 지진옥외대피장소,사물주소 확정,2019-11-15 11:12
621,부평구,신복공원(76호공원),인천광역시 부평구 길주남로89번길 16 지진옥외대피장소,사물주소 확정,2019-11-15 11:12
622,부평구,신복공원(76호공원),인천광역시 부평구 길주남로89번길 12-5 지진옥외대피장소,사물주소 확정,2019-11-15 11:12
623,부평구,석정공원,인천광역시 부평구 백범로478번길 11 지진옥외대피장소,사물주소 확정,2019-11-15 11:12
624,부평구,석정공원,인천광역시 부평구 백범로478번길 7-6 지진옥외대피장소,사물주소 확정,2019-11-15 11:12
625,부평구,석정공원,인천광역시 부평구 백범로478번길 15-7 지진옥외대피장소,사물주소 확정,2019-11-15 11:12
626,부평구,중부동공원(부평3호공원),인천광역시 부평구 부흥북로96번길 9 지진옥외대피장소,사물주소 확정,2019-11-15 11:12
627,부평구,중부동공원(부평3호공원),인천광역시 부평구 부흥북로102번길 18 지진옥외대피장소,사물주소 확정,2019-11-15 11:12
628,부평구,중부동공원(부평3호공원),인천광역시 부평구 부흥북로102번길 8 지진옥외대피장소,사물주소 확정,2019-11-15 11:12
629,부평구,중부동공원(부평3호공원),인천광역시 부평구 부흥북로96번길 15 지진옥외대피장소,사물주소 확정,2019-11-15 11:12
630,부평구,중부동공원(부평3호공원),인천광역시 부평구 부흥북로96번길 19-5 지진옥외대피장소,사물주소 확정,2019-11-15 11:12
631,부평구,중부동공원(부평3호공원),인천광역시 부평구 부흥북로 96 지진옥외대피장소,사물주소 확정,2019-11-15 11:12
632,부평구,샘터공원,인천광역시 부평구 열우물로49번길 37-3 지진옥외대피장소,사물주소 확정,2019-11-15 11:12
633,부평구,샘터공원,인천광역시 부평구 열우물로49번길 33 지진옥외대피장소,사물주소 확정,2019-11-15 11:12
634,부평구,샘터공원,인천광역시 부평구 열우물로25번길 19 지진옥외대피장소,사물주소 확정,2019-11-15 11:12
635,부평구,부흥공원(부평3호공원),인천광역시 부평구 부평문화로141번길 19 지진옥외대피장소,사물주소 확정,2019-11-15 11:13
636,부평구,부흥공원(부평3호공원),인천광역시 부평구 장제로110번길 16 지진옥외대피장소,사물주소 확정,2019-11-15 11:13
637,부평구,부흥공원(부평3호공원),인천광역시 부평구 부평문화로129번길 18-9 지진옥외대피장소,사물주소 확정,2019-11-15 11:13
638,부평구,부흥공원(부평3호공원),인천광역시 부평구 장제로110번길 30 지진옥외대피장소,사물주소 확정,2019-11-15 11:13
639,부평구,열우물공원,인천광역시 부평구 배곶로 78 지진옥외대피장소,사물주소 확정,2019-11-15 11:14
640,부평구,열우물공원,인천광역시 부평구 열우물로101번길 17 지진옥외대피장소,사물주소 확정,2019-11-15 11:14
641,부평구,열우물공원,인천광역시 부평구 열우물로101번길 13-6 지진옥외대피장소,사물주소 확정,2019-11-15 11:14
642,부평구,하촌공원(81호공원),인천광역시 부평구 부일로29번길 25 지진옥외대피장소,사물주소 확정,2019-11-15 11:15
643,부평구,하촌공원(81호공원),인천광역시 부평구 충선로24번길 35-4 지진옥외대피장소,사물주소 확정,2019-11-15 11:15
644,부평구,시냇물공원,인천광역시 부평구 수변로 315 지진옥외대피장소,사물주소 확정,2019-11-15 11:32
645,부평구,시냇물공원,인천광역시 부평구 충선로 270 지진옥외대피장소,사물주소 확정,2019-11-15 11:32
646,부평구,시냇물공원,인천광역시 부평구 굴포로 143 지진옥외대피장소,사물주소 확정,2019-11-15 11:32
647,부평구,시냇물공원,인천광역시 부평구 충선로 260 지진옥외대피장소,사물주소 확정,2019-11-15 11:32
648,부평구,부들공원,인천광역시 부평구 평천로 522 지진옥외대피장소,사물주소 확정,2019-11-15 11:33
649,부평구,건강공원,인천광역시 부평구 평천로 531 지진옥외대피장소,사물주소 확정,2019-11-15 11:33
650,부평구,건강공원,인천광역시 부평구 영성동로18번길 46 지진옥외대피장소,사물주소 확정,2019-11-15 11:33
651,부평구,교통공원,인천광역시 부평구 영성동로18번길 55 지진옥외대피장소,사물주소 확정,2019-11-15 12:59
652,부평구,교통공원,인천광역시 부평구 영성동로18번길 45 지진옥외대피장소,사물주소 확정,2019-11-15 12:59
653,부평구,교통공원,인천광역시 부평구 영성로 106 지진옥외대피장소,사물주소 확정,2019-11-15 12:59
654,부평구,교통공원,인천광역시 부평구 영성동로18번길 51 지진옥외대피장소,사물주소 확정,2019-11-15 12:59
655,부평구,교통공원,인천광역시 부평구 영성동로18번길 41 지진옥외대피장소,사물주소 확정,2019-11-15 12:59
656,부평구,교통공원,인천광역시 부평구 영성동로 36-42 지진옥외대피장소,사물주소 확정,2019-11-15 12:59
657,부평구,밤골공원,인천광역시 부평구 동수로120번길 43-2 지진옥외대피장소,사물주소 확정,2019-11-15 12:59
658,부평구,밤골공원,인천광역시 부평구 동수로120번길 43 지진옥외대피장소,사물주소 확정,2019-11-15 12:59
659,부평구,밤골공원,인천광역시 부평구 동수로120번길 43-1 지진옥외대피장소,사물주소 확정,2019-11-15 12:59
660,부평구,영성공원,인천광역시 부평구 부평북로 434 지진옥외대피장소,사물주소 확정,2019-11-15 13:01
661,부평구,영성공원,인천광역시 부평구 부평북로 428 지진옥외대피장소,사물주소 확정,2019-11-15 13:01
662,부평구,영성공원,인천광역시 부평구 대보로 56 지진옥외대피장소,사물주소 확정,2019-11-15 13:01
663,부평구,영성공원,인천광역시 부평구 대보로 44 지진옥외대피장소,사물주소 확정,2019-11-15 13:01
664,부평구,후정공원,인천광역시 부평구 영성서로 57 지진옥외대피장소,사물주소 확정,2019-11-15 13:06
665,부평구,방촌공원,인천광역시 부평구 부흥로 405 지진옥외대피장소,사물주소 확정,2019-11-15 13:07
666,부평구,방촌공원,인천광역시 부평구 부개로 1 지진옥외대피장소,사물주소 확정,2019-11-15 13:07
667,부평구,세영공원,인천광역시 부평구 부흥북로 136-13 지진옥외대피장소,사물주소 확정,2019-11-15 13:07
668,부평구,세영공원,인천광역시 부평구 충선로 120 지진옥외대피장소,사물주소 확정,2019-11-15 13:07
669,부평구,청운공원,인천광역시 부평구 수변로 189 지진옥외대피장소,사물주소 확정,2019-11-15 13:07
670,부평구,청운공원,인천광역시 부평구 수변로 171 지진옥외대피장소,사물주소 확정,2019-11-15 13:07
671,부평구,부개공원,인천광역시 부평구 수변로 223 지진옥외대피장소,사물주소 확정,2019-11-15 13:07
672,부평구,부개공원,인천광역시 부평구 수변로 225 지진옥외대피장소,사물주소 확정,2019-11-15 13:07
673,부평구,부개공원,인천광역시 부평구 길주로 704 지진옥외대피장소,사물주소 확정,2019-11-15 13:07
674,부평구,부개공원,인천광역시 부평구 길주로 710 지진옥외대피장소,사물주소 확정,2019-11-15 13:07
675,부평구,부개공원,인천광역시 부평구 부개로 98 지진옥외대피장소,사물주소 확정,2019-11-15 13:07
676,부평구,부개공원,인천광역시 부평구 부개로 94 지진옥외대피장소,사물주소 확정,2019-11-15 13:07
677,부평구,대촌공원,인천광역시 부평구 수변로 117 지진옥외대피장소,사물주소 확정,2019-11-15 13:08
678,부평구,대촌공원,인천광역시 부평구 부흥로 432 지진옥외대피장소,사물주소 확정,2019-11-15 13:08
679,부평구,대촌공원,인천광역시 부평구 수변로 121 지진옥외대피장소,사물주소 확정,2019-11-15 13:08
680,부평구,대촌공원,인천광역시 부평구 부흥로 438 지진옥외대피장소,사물주소 확정,2019-11-15 13:08
681,부평구,사근공원,인천광역시 부평구 주부토로151번길 24 지진옥외대피장소,사물주소 확정,2019-11-15 13:08
682,부평구,사근공원,인천광역시 부평구 갈월서로 16 지진옥외대피장소,사물주소 확정,2019-11-15 13:08
683,부평구,사근공원,인천광역시 부평구 주부토로151번길 38 지진옥외대피장소,사물주소 확정,2019-11-15 13:08
684,부평구,사근공원,인천광역시 부평구 주부토로151번길 12 지진옥외대피장소,사물주소 확정,2019-11-15 13:08
685,부평구,사근공원,인천광역시 부평구 주부토로 151 지진옥외대피장소,사물주소 확정,2019-11-15 13:08
686,부평구,굴포공원,인천광역시 부평구 갈월서로 18 지진옥외대피장소,사물주소 확정,2019-11-15 13:08
687,부평구,굴포공원,인천광역시 부평구 갈월서로 20 지진옥외대피장소,사물주소 확정,2019-11-15 13:08
688,부평구,굴포공원,인천광역시 부평구 주부토로171번길 23 지진옥외대피장소,사물주소 확정,2019-11-15 13:08
689,부평구,굴포공원,인천광역시 부평구 주부토로 157 지진옥외대피장소,사물주소 확정,2019-11-15 13:08
690,부평구,마장공원,인천광역시 부평구 마장로264번길 68-7 지진옥외대피장소,사물주소 확정,2019-11-15 13:08
691,부평구,마장공원,인천광역시 부평구 마장로264번길 68-21 지진옥외대피장소,사물주소 확정,2019-11-15 13:08
692,부평구,마장공원,인천광역시 부평구 안남로 193 지진옥외대피장소,사물주소 확정,2019-11-15 13:08
693,부평구,마장공원,인천광역시 부평구 안남로 197 지진옥외대피장소,사물주소 확정,2019-11-15 13:08
694,부평구,마장공원,인천광역시 부평구 마장로264번길 84 지진옥외대피장소,사물주소 확정,2019-11-15 13:08
695,부평구,마장공원,인천광역시 부평구 안남로 203 지진옥외대피장소,사물주소 확정,2019-11-15 13:08
696,부평구,마장공원,인천광역시 부평구 마장로264번길 70 지진옥외대피장소,사물주소 확정,2019-11-15 13:08
697,부평구,신트리공원,인천광역시 부평구 신트리로 57 지진옥외대피장소,사물주소 확정,2019-11-15 13:08
698,부평구,신트리공원,인천광역시 부평구 주부토로 128 지진옥외대피장소,사물주소 확정,2019-11-15 13:08
699,부평구,신트리공원,인천광역시 부평구 길주로 584 지진옥외대피장소,사물주소 확정,2019-11-15 13:08
700,부평구,신트리공원,인천광역시 부평구 길주로 592 지진옥외대피장소,사물주소 확정,2019-11-15 13:08
701,부평구,신트리공원,인천광역시 부평구 신트리로 49 지진옥외대피장소,사물주소 확정,2019-11-15 13:08
702,부평구,신트리공원,인천광역시 부평구 신트리로 63-11 지진옥외대피장소,사물주소 확정,2019-11-15 13:08
703,부평구,신트리공원,인천광역시 부평구 신트리로 55 지진옥외대피장소,사물주소 확정,2019-11-15 13:08
704,부평구,신트리공원,인천광역시 부평구 신트리로 63-1 지진옥외대피장소,사물주소 확정,2019-11-15 13:08
705,부평구,백운초등학교 운동장,인천광역시 부평구 아트센터로 130 지진옥외대피장소,사물주소 확정,2019-11-15 13:08
706,부평구,상정초등학교 운동장,인천광역시 부평구 상정로 50 지진옥외대피장소,사물주소 확정,2019-11-15 13:09
707,부평구,십정초등학교 운동장,인천광역시 부평구 배곶북로 10-6 지진옥외대피장소,사물주소 확정,2019-11-15 13:09
708,부평구,일신초등학교 운동장,인천광역시 부평구 항동로75번길 36 지진옥외대피장소,사물주소 확정,2022-09-29 14:42
709,부평구,일신초등학교 운동장,인천광역시 부평구 경인로1118번길 58 지진옥외대피장소,사물주소 확정,2022-09-29 14:42
710,부평구,부개서초등학교 운동장,인천광역시 부평구 부일로 39 지진옥외대피장소,사물주소 확정,2019-11-15 13:11
711,부평구,부평여자중학교 운동장,인천광역시 부평구 부평문화로 193-1 지진옥외대피장소,사물주소 확정,2019-11-15 13:11
712,부평구,부개초등학교 운동장,인천광역시 부평구 마분로 9 지진옥외대피장소,사물주소 확정,2019-11-15 13:11
713,부평구,갈산초등학교 운동장,인천광역시 부평구 갈월동로 55 지진옥외대피장소,사물주소 확정,2019-11-15 13:12
714,부평구,갈월초등학교 운동장,인천광역시 부평구 주부토로 165 지진옥외대피장소,사물주소 확정,2019-11-15 13:12
715,부평구,부평공업고등학교 운동장,인천광역시 부평구 주부토로 194 지진옥외대피장소,사물주소 확정,2019-11-15 13:12
716,부평구,부평북초등학교 운동장,인천광역시 부평구 주부토로 292 지진옥외대피장소,사물주소 확정,2019-11-15 13:12
717,부평구,청천중학교 운동장,인천광역시 부평구 마장로378번길 10 지진옥외대피장소,사물주소 확정,2019-11-15 13:13
718,부평구,청천중학교 운동장,인천광역시 부평구 마장로364번길 23 지진옥외대피장소,사물주소 확정,2019-11-15 13:13
719,부평구,용마초등학교 운동장,인천광역시 부평구 세월천로30번길 58 지진옥외대피장소,사물주소 확정,2019-11-15 13:13
720,부평구,부평공원,인천광역시 부평구 부평공원로 14 지진옥외대피장소,사물주소 확정,2019-11-15 13:13
721,부평구,부평공원,인천광역시 부평구 부평공원로 44 지진옥외대피장소,사물주소 확정,2019-11-15 13:13
722,부평구,부평공원,인천광역시 부평구 경원대로 1310 지진옥외대피장소,사물주소 확정,2019-11-15 13:13
723,부평구,부평공원,인천광역시 부평구 경원대로 1326 지진옥외대피장소,사물주소 확정,2019-11-15 13:13
724,부평구,부평공원,인천광역시 부평구 부평공원로 30 지진옥외대피장소,사물주소 확정,2019-11-15 13:13
725,부평구,원적산공원,인천광역시 부평구 세월천로137번길 60 지진옥외대피장소,사물주소 확정,2022-09-05 17:53
726,부평구,원적산공원,인천광역시 부평구 세월천로 155 지진옥외대피장소,사물주소 확정,2022-09-05 17:53
727,부평구,원적산공원,인천광역시 부평구 세월천로137번길 46 지진옥외대피장소,사물주소 확정,2022-09-05 17:53
728,부평구,마장초등학교 운동장,인천광역시 부평구 안남로 266 지진옥외대피장소,사물주소 확정,2019-11-15 13:14
729,부평구,청천초등학교 운동장,인천광역시 부평구 평천로74번길 7 지진옥외대피장소,사물주소 확정,2019-11-15 13:15
730,부평구,청천초등학교 운동장,인천광역시 부평구 산청로127번길 12-5 지진옥외대피장소,사물주소 확정,2019-11-15 13:15
731,부평구,미산초등학교 운동장,인천광역시 부평구 원적로397번길 15 지진옥외대피장소,사물주소 확정,2019-11-15 13:15
732,부평구,미산초등학교 운동장,인천광역시 부평구 원적로 391 지진옥외대피장소,사물주소 확정,2019-11-15 13:15
733,부평구,마곡초등학교 운동장,인천광역시 부평구 마곡로27번길 16 지진옥외대피장소,사물주소 확정,2019-11-15 13:15
734,부평구,산곡초등학교 운동장,인천광역시 부평구 길주로354번길 39 지진옥외대피장소,사물주소 확정,2019-11-15 13:15
735,부평구,부흥초등학교 운동장,인천광역시 부평구 부흥로366번길 34 지진옥외대피장소,사물주소 확정,2019-11-15 13:16
736,부평구,부평고등학교 운동장,인천광역시 부평구 부흥북로 43 지진옥외대피장소,사물주소 확정,2019-11-15 13:16
737,부평구,부평고등학교 운동장,인천광역시 부평구 부흥북로57번길 15 지진옥외대피장소,사물주소 확정,2019-11-15 13:16
738,부평구,부평서여자중학교 운동장,인천광역시 부평구 경원대로 1213 지진옥외대피장소,사물주소 확정,2019-11-15 13:17
739,부평구,신촌초등학교 운동장,인천광역시 부평구 경원대로 1215 지진옥외대피장소,사물주소 확정,2019-11-15 13:17
740,부평구,부일여자중학교 운동장,인천광역시 부평구 동수로 8 지진옥외대피장소,사물주소 확정,2019-11-15 13:17
741,부평구,부원초등학교 운동장,인천광역시 부평구 원적로472번길 29 지진옥외대피장소,사물주소 확정,2019-11-15 13:17
742,부평구,십정녹지,인천광역시 부평구 백범로542번길 3 지진옥외대피장소,사물주소 확정,2019-11-15 13:17
743,부평구,십정녹지,인천광역시 부평구 백범로542번길 41 지진옥외대피장소,사물주소 확정,2019-11-15 13:17
744,부평구,십정녹지,인천광역시 부평구 경원대로 1026 지진옥외대피장소,사물주소 확정,2019-11-15 13:17
745,부평구,십정녹지,인천광역시 부평구 경원대로 1022 지진옥외대피장소,사물주소 확정,2019-11-15 13:17
746,부평구,십정녹지,인천광역시 부평구 경원대로 1018-1 지진옥외대피장소,사물주소 확정,2019-11-15 13:17
747,부평구,십정녹지,인천광역시 부평구 경원대로 1032 지진옥외대피장소,사물주소 확정,2019-11-15 13:17
748,부평구,십정녹지,인천광역시 부평구 경원대로 1018 지진옥외대피장소,사물주소 확정,2019-11-15 13:17
749,계양구,경인교육대학교 대운동장,인천광역시 계양구 계산로 62 지진옥외대피장소,사물주소 확정,2024-05-03 16:36
750,계양구,효성고등학교 운동장,인천광역시 계양구 새벌로171번길 21 지진옥외대피장소,사물주소 확정,2019-11-21 12:59
751,계양구,효성초등학교 운동장,인천광역시 계양구 안남로 601 지진옥외대피장소,사물주소 확정,2019-11-21 12:59
752,계양구,효성중학교 운동장,인천광역시 계양구 안남로 607 지진옥외대피장소,사물주소 확정,2019-11-21 12:59
753,계양구,효성서초등학교 운동장,인천광역시 계양구 봉오대로 457 지진옥외대피장소,사물주소 확정,2019-11-21 12:59
754,계양구,효성동초등학교 운동장,인천광역시 계양구 새벌로171번길 4 지진옥외대피장소,사물주소 확정,2019-11-21 13:00
755,계양구,효성동초등학교 운동장,인천광역시 계양구 새벌로171번길 14 지진옥외대피장소,사물주소 확정,2019-11-21 13:00
756,계양구,효성남초등학교 운동장,인천광역시 계양구 효서로 179 지진옥외대피장소,사물주소 확정,2019-11-21 13:00
757,계양구,효성남초등학교 운동장,인천광역시 계양구 새벌로 125 지진옥외대피장소,사물주소 확정,2019-11-21 13:00
758,계양구,화전초등학교 운동장,인천광역시 계양구 효서로303번길 8 지진옥외대피장소,사물주소 확정,2019-11-21 13:00
759,계양구,해서초등학교 운동장,인천광역시 계양구 계산로 42-1 지진옥외대피장소,사물주소 확정,2019-11-21 13:00
760,계양구,작전초등학교 운동장,인천광역시 계양구 주부토로 456 지진옥외대피장소,사물주소 확정,2019-11-21 13:00
761,계양구,작전중학교 운동장,인천광역시 계양구 주부토로448번길 16 지진옥외대피장소,사물주소 확정,2019-11-21 13:00
762,계양구,작전중학교 운동장,인천광역시 계양구 주부토로 444-18 지진옥외대피장소,사물주소 확정,2019-11-21 13:00
763,계양구,작전여자고등학교 운동장,인천광역시 계양구 주부토로426번길 15 지진옥외대피장소,사물주소 확정,2019-11-21 13:00
764,계양구,작전고등학교 운동장,인천광역시 계양구 주부토로448번길 24 지진옥외대피장소,사물주소 확정,2019-11-21 13:01
765,계양구,작전고등학교 운동장,인천광역시 계양구 봉오대로729번길 27 지진옥외대피장소,사물주소 확정,2019-11-21 13:01
766,계양구,작동초등학교 운동장,인천광역시 계양구 까치말로 35 지진옥외대피장소,사물주소 확정,2019-11-21 13:01
767,계양구,임학중학교 운동장,인천광역시 계양구 장제로 894 지진옥외대피장소,사물주소 확정,2019-11-21 13:01
768,계양구,안남중학교 운동장,인천광역시 계양구 계산새로33번길 5 지진옥외대피장소,사물주소 확정,2019-11-21 13:01
769,계양구,예일고등학교 운동장,인천광역시 계양구 박촌로 23 지진옥외대피장소,사물주소 확정,2019-11-21 13:01
770,계양구,예일고등학교 운동장,인천광역시 계양구 장제로995번길 35 지진옥외대피장소,사물주소 확정,2019-11-21 13:01
771,계양구,양촌초등학교 운동장,인천광역시 계양구 장제로948번길 9 지진옥외대피장소,사물주소 확정,2019-11-21 13:01
772,계양구,양촌초등학교 운동장,인천광역시 계양구 장제로 954 지진옥외대피장소,사물주소 확정,2019-11-21 13:01
773,계양구,양촌중학교 운동장,인천광역시 계양구 장제로948번길 13 지진옥외대피장소,사물주소 확정,2019-11-21 13:02
774,계양구,안산초등학교 운동장,인천광역시 계양구 안산로 29 지진옥외대피장소,사물주소 확정,2019-11-21 13:02
775,계양구,안산초등학교 운동장,인천광역시 계양구 임학서로 15 지진옥외대피장소,사물주소 확정,2019-11-21 13:02
776,계양구,안남초등학교 운동장,인천광역시 계양구 경명대로1114번길 26 지진옥외대피장소,사물주소 확정,2019-11-21 13:02
777,계양구,안남고등학교 운동장,인천광역시 계양구 아나지로308번길 9 지진옥외대피장소,사물주소 확정,2019-11-21 13:02
778,계양구,안남고등학교 운동장,인천광역시 계양구 아나지로 318 지진옥외대피장소,사물주소 확정,2019-11-21 13:02
779,계양구,신대초등학교 운동장,인천광역시 계양구 계산새로 133 지진옥외대피장소,사물주소 확정,2019-11-21 13:03
780,계양구,소양초등학교 운동장,인천광역시 계양구 박촌로 53 지진옥외대피장소,사물주소 확정,2019-11-21 13:03
781,계양구,세원고등학교 운동장,인천광역시 계양구 장제로 966 지진옥외대피장소,사물주소 확정,2019-11-21 13:03
782,계양구,세원고등학교 운동장,인천광역시 계양구 장제로 960 지진옥외대피장소,사물주소 확정,2019-11-21 13:03
783,계양구,성지초등학교 운동장,인천광역시 계양구 계양대로33번길 21 지진옥외대피장소,사물주소 확정,2019-11-21 13:03
784,계양구,성지초등학교 운동장,인천광역시 계양구 아나지로247번길 8 지진옥외대피장소,사물주소 확정,2019-11-21 13:03
785,계양구,서운초등학교 운동장,인천광역시 계양구 효서로 430 지진옥외대피장소,사물주소 확정,2019-11-21 13:04
786,계양구,서운초등학교 운동장,인천광역시 계양구 서운로 12 지진옥외대피장소,사물주소 확정,2019-11-21 13:04
787,계양구,서운중학교 운동장,인천광역시 계양구 아나지로 467 지진옥외대피장소,사물주소 확정,2019-11-21 13:04
788,계양구,서운중학교 운동장,인천광역시 계양구 서운로 10 지진옥외대피장소,사물주소 확정,2019-11-21 13:04
789,계양구,서운고등학교 운동장,인천광역시 계양구 아나지로 481 지진옥외대피장소,사물주소 확정,2019-11-21 13:04
790,계양구,북인천중학교 운동장,인천광역시 계양구 계산로22번길 6 지진옥외대피장소,사물주소 확정,2019-11-21 13:04
791,계양구,북인천여자중학교 운동장,인천광역시 계양구 아나지로85번길 12 지진옥외대피장소,사물주소 확정,2019-11-21 13:04
792,계양구,부현초등학교 운동장,인천광역시 계양구 장제로755번길 30 지진옥외대피장소,사물주소 확정,2019-11-21 13:06
793,계양구,부현동초등학교 운동장,인천광역시 계양구 용종로 5 지진옥외대피장소,사물주소 확정,2019-11-21 13:06
794,계양구,부평초등학교 운동장,인천광역시 계양구 경명대로1052번길 8 지진옥외대피장소,사물주소 확정,2019-11-21 13:06
795,계양구,부평초등학교 운동장,인천광역시 계양구 어사대로 20 지진옥외대피장소,사물주소 확정,2019-11-21 13:06
796,계양구,병방초등학교 운동장,인천광역시 계양구 병방로 2 지진옥외대피장소,사물주소 확정,2019-11-21 13:06
797,계양구,예일중학교 운동장,인천광역시 계양구 장제로995번길 39 지진옥외대피장소,사물주소 확정,2019-11-21 13:06
798,계양구,명현초등학교 운동장,인천광역시 계양구 봉오대로569번길 10 지진옥외대피장소,사물주소 확정,2019-11-21 13:11
799,계양구,명현초등학교 운동장,인천광역시 계양구 안남로554번길 22 지진옥외대피장소,사물주소 확정,2019-11-21 13:11
800,계양구,명현중학교 운동장,인천광역시 계양구 안남로554번길 26 지진옥외대피장소,사물주소 확정,2019-11-21 13:11
801,계양구,동양중학교 운동장,인천광역시 계양구 당미길 56 지진옥외대피장소,사물주소 확정,2019-11-21 13:11
802,계양구,당산초등학교 운동장,인천광역시 계양구 동양로 122 지진옥외대피장소,사물주소 확정,2019-11-21 13:12
803,계양구,길주초등학교 운동장,인천광역시 계양구 용종로 90 지진옥외대피장소,사물주소 확정,2019-11-21 13:12
804,계양구,귤현초등학교 운동장,인천광역시 계양구 귤현길 15 지진옥외대피장소,사물주소 확정,2019-11-21 13:12
805,계양구,귤현초등학교 운동장,인천광역시 계양구 귤현길 7 지진옥외대피장소,사물주소 확정,2019-11-21 13:12
806,계양구,계양초등학교 상야분교 운동장,인천광역시 계양구 벌말로 572-1 지진옥외대피장소,사물주소 확정,2019-11-21 13:14
807,계양구,계양초등학교 운동장,인천광역시 계양구 장제로 1288 지진옥외대피장소,사물주소 확정,2019-11-21 13:14
808,계양구,계양초등학교 운동장,인천광역시 계양구 장기로9번길 15 지진옥외대피장소,사물주소 확정,2019-11-21 13:14
809,계양구,계양중학교 운동장,인천광역시 계양구 장제로1181번길 9 지진옥외대피장소,사물주소 확정,2019-11-21 13:14
810,계양구,계양고등학교 운동장,인천광역시 계양구 계양문화로 177 지진옥외대피장소,사물주소 확정,2019-11-21 13:14
811,계양구,계수중학교 운동장,인천광역시 계양구 살라리로12번길 16 지진옥외대피장소,사물주소 확정,2019-11-21 13:14
812,계양구,계수중학교 운동장,인천광역시 계양구 살라리로2번길 25 지진옥외대피장소,사물주소 확정,2019-11-21 13:14
813,계양구,계산초등학교 운동장,인천광역시 계양구 경명대로 1005 지진옥외대피장소,사물주소 확정,2019-11-21 13:15
814,계양구,계산중학교 운동장,인천광역시 계양구 도두리로 67-16 지진옥외대피장소,사물주소 확정,2019-11-21 13:15
815,계양구,계산여자중학교 운동장,인천광역시 계양구 장제로755번길 16 지진옥외대피장소,사물주소 확정,2019-11-21 13:15
816,계양구,계산여자고등학교 운동장,인천광역시 계양구 용종로 64 지진옥외대피장소,사물주소 확정,2019-11-21 13:15
817,계양구,계산여자고등학교 운동장,인천광역시 계양구 계산새로 131 지진옥외대피장소,사물주소 확정,2019-11-21 13:15
818,계양구,계산공업고등학교 운동장,인천광역시 계양구 도두리로 47 지진옥외대피장소,사물주소 확정,2019-11-21 13:16
819,계양구,계산고등학교 운동장,인천광역시 계양구 주부토로 588 지진옥외대피장소,사물주소 확정,2019-11-21 13:16
820,계양구,계산고등학교 운동장,인천광역시 계양구 계양산로134번길 6 지진옥외대피장소,사물주소 확정,2019-11-21 13:16
821,계양구,경인교대부속초등학교 운동장,인천광역시 계양구 안남로 612 지진옥외대피장소,사물주소 확정,2019-11-21 13:17
822,계양구,동양공원 1,인천광역시 계양구 당미5길 11 지진옥외대피장소,사물주소 확정,2019-11-21 13:18
823,계양구,동양공원 1,인천광역시 계양구 당미길 27 지진옥외대피장소,사물주소 확정,2019-11-21 13:18
824,계양구,작전공원 2,인천광역시 계양구 계양문화로 1 지진옥외대피장소,사물주소 확정,2019-11-21 13:19
825,계양구,이촌공원,인천광역시 계양구 안남로 606 지진옥외대피장소,사물주소 확정,2019-11-21 13:27
826,계양구,계산체육공원,인천광역시 계양구 주부토로 570 지진옥외대피장소,사물주소 확정,2019-11-21 13:27
827,계양구,된밭공원,인천광역시 계양구 주부토로426번길 5 지진옥외대피장소,사물주소 확정,2019-11-21 13:27
828,계양구,된밭공원,인천광역시 계양구 주부토로 436-8 지진옥외대피장소,사물주소 확정,2019-11-21 13:27
829,계양구,된밭공원,인천광역시 계양구 주부토로 430 지진옥외대피장소,사물주소 확정,2019-11-21 13:27
830,계양구,서운공원,인천광역시 계양구 효서로 397 지진옥외대피장소,사물주소 확정,2019-11-21 13:27
831,계양구,서운공원,인천광역시 계양구 효서로 407 지진옥외대피장소,사물주소 확정,2019-11-21 13:27
832,계양구,서운공원,인천광역시 계양구 효서로 393 지진옥외대피장소,사물주소 확정,2019-11-21 13:27
833,계양구,까치공원,인천광역시 계양구 도두리로 36 지진옥외대피장소,사물주소 확정,2019-11-21 13:28
834,계양구,까치공원,인천광역시 계양구 오조산로 27 지진옥외대피장소,사물주소 확정,2019-11-21 13:28
835,계양구,까치공원,인천광역시 계양구 오조산로21번길 8 지진옥외대피장소,사물주소 확정,2019-11-21 13:28
836,계양구,까치공원,인천광역시 계양구 오조산로21번길 16 지진옥외대피장소,사물주소 확정,2019-11-21 13:28
837,계양구,까치공원,인천광역시 계양구 도두리로 22 지진옥외대피장소,사물주소 확정,2019-11-21 13:28
838,계양구,계양교통공원,인천광역시 계양구 계산새로 122 지진옥외대피장소,사물주소 확정,2019-11-21 13:28
839,계양구,계양교통공원,인천광역시 계양구 서부간선로 69 지진옥외대피장소,사물주소 확정,2019-11-21 13:28
840,계양구,계양교통공원,인천광역시 계양구 계산새로 132 지진옥외대피장소,사물주소 확정,2019-11-21 13:28
841,계양구,오조산공원,인천광역시 계양구 오조산공원로 35 지진옥외대피장소,사물주소 확정,2019-11-21 13:29
842,계양구,오조산공원,인천광역시 계양구 오조산로 115 지진옥외대피장소,사물주소 확정,2019-11-21 13:29
843,계양구,오조산공원,인천광역시 계양구 계양문화로 120 지진옥외대피장소,사물주소 확정,2019-11-21 13:29
844,계양구,오조산공원,인천광역시 계양구 오조산로 109 지진옥외대피장소,사물주소 확정,2019-11-21 13:29
845,계양구,오조산공원,인천광역시 계양구 계양문화로 114 지진옥외대피장소,사물주소 확정,2019-11-21 13:29
846,계양구,오조산공원,인천광역시 계양구 오조산공원로 19 지진옥외대피장소,사물주소 확정,2019-11-21 13:29
847,계양구,들놀이공원,인천광역시 계양구 양지로 109 지진옥외대피장소,사물주소 확정,2019-11-21 13:29
848,계양구,계산1공원,인천광역시 계양구 경명대로1052번길 6 지진옥외대피장소,사물주소 확정,2019-11-21 13:29
849,계양구,계산1공원,인천광역시 계양구 경명대로1052번길 4 지진옥외대피장소,사물주소 확정,2019-11-21 13:29
850,계양구,살나리공원,인천광역시 계양구 살라리로12번길 5 지진옥외대피장소,사물주소 확정,2019-11-21 13:30
851,계양구,살나리공원,인천광역시 계양구 살라리로12번길 11 지진옥외대피장소,사물주소 확정,2019-11-21 13:30
852,계양구,살나리공원,인천광역시 계양구 살라리로12번길 7 지진옥외대피장소,사물주소 확정,2019-11-21 13:30
853,계양구,서녘공원,인천광역시 계양구 당미3길 19 지진옥외대피장소,사물주소 확정,2019-11-21 13:30
854,계양구,서녘공원,인천광역시 계양구 당미4길 14 지진옥외대피장소,사물주소 확정,2019-11-21 13:30
855,계양구,모텡이공원,인천광역시 계양구 양지말1길 6 지진옥외대피장소,사물주소 확정,2019-11-21 13:30
856,계양구,모텡이공원,인천광역시 계양구 양지로 35 지진옥외대피장소,사물주소 확정,2019-11-21 13:30
857,계양구,장터공원,인천광역시 계양구 장기로14번길 13 지진옥외대피장소,사물주소 확정,2021-06-28 10:08
858,계양구,장터공원,인천광역시 계양구 장기로14번길 17 지진옥외대피장소,사물주소 확정,2021-06-28 10:08
859,계양구,장터공원,인천광역시 계양구 황어로134번길 15 지진옥외대피장소,사물주소 확정,2021-06-28 10:08
860,계양구,장터공원,인천광역시 계양구 황어로134번길 17 지진옥외대피장소,사물주소 확정,2021-06-28 10:08
861,계양구,중앙공원,인천광역시 계양구 장기로9번길 13 지진옥외대피장소,사물주소 확정,2019-11-21 13:31
862,계양구,중앙공원,인천광역시 계양구 장기로9번길 9 지진옥외대피장소,사물주소 확정,2019-11-21 13:31
863,계양구,장기공원,인천광역시 계양구 장기서로16번길 23 지진옥외대피장소,사물주소 확정,2019-11-21 13:32
864,계양구,장기공원,인천광역시 계양구 장기서로20번길 28 지진옥외대피장소,사물주소 확정,2019-11-21 13:32
865,계양구,동산공원,인천광역시 계양구 황어로115번길 23 지진옥외대피장소,사물주소 확정,2019-11-21 13:32
866,계양구,동양택지2공원,인천광역시 계양구 동양로 120 지진옥외대피장소,사물주소 확정,2019-11-21 13:33
867,계양구,동양택지1공원,인천광역시 계양구 순평길 10 지진옥외대피장소,사물주소 확정,2019-11-21 13:34
868,계양구,동양택지1공원,인천광역시 계양구 동양로 73 지진옥외대피장소,사물주소 확정,2019-11-21 13:34
869,계양구,동양택지1공원,인천광역시 계양구 동양로 77 지진옥외대피장소,사물주소 확정,2019-11-21 13:34
870,계양구,굴재공원,인천광역시 계양구 굴재길 6 지진옥외대피장소,사물주소 확정,2019-11-21 13:34
871,계양구,굴재공원,인천광역시 계양구 굴재길 10 지진옥외대피장소,사물주소 확정,2019-11-21 13:34
872,계양구,굴재공원,인천광역시 계양구 굴재길 4-3 지진옥외대피장소,사물주소 확정,2019-11-21 13:34
873,계양구,안골공원,인천광역시 계양구 장군봉길 30 지진옥외대피장소,사물주소 확정,2019-11-21 13:34
874,계양구,안골공원,인천광역시 계양구 장군봉길 34 지진옥외대피장소,사물주소 확정,2019-11-21 13:34
875,계양구,안골공원,인천광역시 계양구 귤현길 47-2 지진옥외대피장소,사물주소 확정,2019-11-21 13:34
876,계양구,샘터공원,인천광역시 계양구 화단봉길 9 지진옥외대피장소,사물주소 확정,2021-06-28 15:54
877,계양구,샘터공원,인천광역시 계양구 화단봉길 7 지진옥외대피장소,사물주소 확정,2021-06-28 15:54
878,계양구,개나리공원,인천광역시 계양구 계산새로 41 지진옥외대피장소,사물주소 확정,2019-11-21 13:40
879,계양구,초정공원,인천광역시 계양구 용종로 77 지진옥외대피장소,사물주소 확정,2019-11-21 13:41
880,계양구,초정공원,인천광역시 계양구 계양문화로 154 지진옥외대피장소,사물주소 확정,2019-11-21 13:41
881,계양구,학마을공원,인천광역시 계양구 용종로 119 지진옥외대피장소,사물주소 확정,2019-11-21 13:41
882,계양구,학마을공원,인천광역시 계양구 용종로 115 지진옥외대피장소,사물주소 확정,2019-11-21 13:41
883,계양구,학마을공원,인천광역시 계양구 경명대로 1209 지진옥외대피장소,사물주소 확정,2019-11-21 13:41
884,계양구,임학공원,인천광역시 계양구 병방시장로 5 지진옥외대피장소,사물주소 확정,2019-11-21 13:41
885,계양구,임학공원,인천광역시 계양구 병방시장로 11 지진옥외대피장소,사물주소 확정,2019-11-21 13:41
886,계양구,병방공원,인천광역시 계양구 병방시장로55번길 8 지진옥외대피장소,사물주소 확정,2019-11-21 13:42
887,계양구,병방공원,인천광역시 계양구 병방시장로59번길 5 지진옥외대피장소,사물주소 확정,2019-11-21 13:42
888,계양구,병방공원,인천광역시 계양구 병방시장로55번길 4 지진옥외대피장소,사물주소 확정,2019-11-21 13:42
889,계양구,방축공원,인천광역시 계양구 화산로66번길 7 지진옥외대피장소,사물주소 확정,2019-11-21 13:42
890,계양구,방축공원,인천광역시 계양구 장제로933번길 17 지진옥외대피장소,사물주소 확정,2019-11-21 13:42
891,계양구,방축공원,인천광역시 계양구 화산로66번길 3 지진옥외대피장소,사물주소 확정,2019-11-21 13:42
892,계양구,고향골공원,인천광역시 계양구 향교로21번길 15 지진옥외대피장소,사물주소 확정,2019-11-21 13:42
893,계양구,고향골공원,인천광역시 계양구 향교로5번길 26 지진옥외대피장소,사물주소 확정,2019-11-21 13:42
894,계양구,낙원공원,인천광역시 계양구 임학동로 54 지진옥외대피장소,사물주소 확정,2019-11-21 13:42
895,계양구,낙원공원,인천광역시 계양구 임학동로56번길 2 지진옥외대피장소,사물주소 확정,2019-11-21 13:42
896,계양구,안남공원,인천광역시 계양구 어사대로41번길 9 지진옥외대피장소,사물주소 확정,2019-11-21 13:43
897,계양구,안남공원,인천광역시 계양구 주부토로529번길 9 지진옥외대피장소,사물주소 확정,2019-11-21 13:43
898,계양구,부일공원,인천광역시 계양구 경명대로1045번길 14 지진옥외대피장소,사물주소 확정,2019-11-21 13:43
899,계양구,작전공원 1,인천광역시 계양구 아나지로299번길 6 지진옥외대피장소,사물주소 확정,2019-11-21 13:43
900,계양구,효성공원,인천광역시 계양구 새벌로 99 지진옥외대피장소,사물주소 확정,2019-11-21 13:47
901,계양구,효성공원,인천광역시 계양구 새벌로111번길 7 지진옥외대피장소,사물주소 확정,2019-11-21 13:47
902,계양구,효성공원,인천광역시 계양구 새벌로 103 지진옥외대피장소,사물주소 확정,2019-11-21 13:47
903,서구,불로지구6호어린이공원,인천광역시 서구 용해로 7 지진옥외대피장소,사물주소 확정,2024-09-03 11:35
904,서구,불로지구5호어린이공원,인천광역시 서구 검단로768번길 43 지진옥외대피장소,사물주소 확정,2024-09-03 11:35
905,서구,불로지구3호어린이공원,인천광역시 서구 검단로744번2길 27 지진옥외대피장소,사물주소 확정,2024-09-03 11:35
906,서구,불로지구2호어린이공원,인천광역시 서구 검단로763번길 7 지진옥외대피장소,사물주소 확정,2024-09-03 11:35
907,서구,불로지구1호어린이공원,인천광역시 서구 검단로755번길 25 지진옥외대피장소,사물주소 확정,2024-09-03 11:35
908,서구,봉오재공원,인천광역시 서구 염곡로 540 지진옥외대피장소,사물주소 확정,2024-09-03 11:35
909,서구,루원시티5호어린이공원,인천광역시 서구 서곶로96번길 23 지진옥외대피장소,사물주소 확정,2024-09-03 11:35
910,서구,진주체육공원,인천광역시 서구 원적로 46 지진옥외대피장소,사물주소 확정,2024-09-03 11:34
911,서구,신석체육공원,인천광역시 서구 길주로 39 지진옥외대피장소,사물주소 확정,2024-09-03 11:34
912,서구,연일공원,인천광역시 서구 국제대로 309 지진옥외대피장소,사물주소 확정,2024-09-03 11:34
913,서구,아라노을공원,인천광역시 서구 고산후로78번안길 46 지진옥외대피장소,사물주소 확정,2024-09-03 11:34
914,서구,석남녹지도시숲,인천광역시 서구 염곡로 207 지진옥외대피장소,사물주소 확정,2024-09-03 11:34
915,서구,석곶체육공원,인천광역시 서구 서달로 98 지진옥외대피장소,사물주소 확정,2024-09-03 11:33
916,서구,서인공원,인천광역시 서구 서달로 287 지진옥외대피장소,사물주소 확정,2024-09-03 11:33
917,서구,루원시티3호어린이공원,인천광역시 서구 봉오대로267번길 38 지진옥외대피장소,사물주소 확정,2024-09-03 11:33
918,서구,사염공원,인천광역시 서구 국제대로 145 지진옥외대피장소,사물주소 확정,2024-09-03 11:33
919,서구,도담공원,인천광역시 서구 이음6로 45 지진옥외대피장소,사물주소 확정,2024-09-03 11:33
920,서구,대촌공원,인천광역시 서구 단봉로153번길 34 지진옥외대피장소,사물주소 확정,2024-09-03 11:32
921,서구,까투렴공원,인천광역시 서구 첨단동로 312 지진옥외대피장소,사물주소 확정,2024-09-03 11:32
922,서구,갯들공원,인천광역시 서구 청중로 458 지진옥외대피장소,사물주소 확정,2024-09-03 11:32
923,서구,감중공원,인천광역시 서구 가정로98번길 18 지진옥외대피장소,사물주소 확정,2024-09-03 11:32
924,서구,가좌공원,인천광역시 서구 고래울로 10 지진옥외대피장소,사물주소 확정,2024-09-03 11:32
925,서구,가원숲공원,인천광역시 서구 봉수대로 529 지진옥외대피장소,사물주소 확정,2024-09-03 11:32
926,서구,인천경연초중학교 운동장,인천광역시 서구 차오름로 64 지진옥외대피장소,사물주소 확정,2022-09-30 13:11
927,서구,인천아시아드주경기장 주차장,인천광역시 서구 염곡로 731 지진옥외대피장소,사물주소 확정,2021-07-07 13:47
928,서구,검암중학교 운동장,인천광역시 서구 검암로29번길 12 지진옥외대피장소,사물주소 확정,2021-07-07 13:48
929,서구,가정여자중학교 운동장,인천광역시 서구 고래울로28번길 13 지진옥외대피장소,사물주소 확정,2019-11-26 11:11
930,서구,가정여자중학교 운동장,인천광역시 서구 열우물로208번길 50 지진옥외대피장소,사물주소 확정,2019-11-26 11:11
931,서구,가좌여자중학교 운동장,인천광역시 서구 서달로 110 지진옥외대피장소,사물주소 확정,2019-11-15 08:33
932,서구,가좌여자중학교 운동장,인천광역시 서구 서달로 100 지진옥외대피장소,사물주소 확정,2019-11-15 08:33
933,서구,가현중학교 운동장,인천광역시 서구 염곡로 409 지진옥외대피장소,사물주소 확정,2019-11-07 13:58
934,서구,신현고등학교 운동장,인천광역시 서구 염곡로 401 지진옥외대피장소,사물주소 확정,2019-11-26 11:14
935,서구,신현고등학교 운동장,인천광역시 서구 염곡로397번길 12 지진옥외대피장소,사물주소 확정,2019-11-26 11:14
936,서구,신현중학교 운동장,인천광역시 서구 원창로131번길 23 지진옥외대피장소,사물주소 확정,2019-11-07 13:53
937,서구,가림고등학교 운동장,인천광역시 서구 원적로 58 지진옥외대피장소,사물주소 확정,2019-11-07 13:52
938,서구,간재울중학교 운동장,인천광역시 서구 승학로512번길 30 지진옥외대피장소,사물주소 확정,2019-11-06 14:02
939,서구,간재울중학교 운동장,인천광역시 서구 승학로450번길 17-13 지진옥외대피장소,사물주소 확정,2019-11-06 14:02
940,서구,은지초등학교 운동장,인천광역시 서구 검암로2번길 73 지진옥외대피장소,사물주소 확정,2019-11-06 14:03
941,서구,은지초등학교 운동장,인천광역시 서구 승학로572번길 22 지진옥외대피장소,사물주소 확정,2019-11-06 14:03
942,서구,왕길초등학교 운동장,인천광역시 서구 봉수대로1440번안길 8 지진옥외대피장소,사물주소 확정,2019-11-06 14:03
943,서구,왕길초등학교 운동장,인천광역시 서구 봉수대로1440번길 20 지진옥외대피장소,사물주소 확정,2019-11-06 14:03
944,서구,목향초등학교 운동장,인천광역시 서구 고산후로 375 지진옥외대피장소,사물주소 확정,2019-12-02 10:14
945,서구,원당고등학교 운동장,인천광역시 서구 고산로40번길 30 지진옥외대피장소,사물주소 확정,2019-11-06 14:46
946,서구,원당중학교 운동장,인천광역시 서구 고산로40번길 22 지진옥외대피장소,사물주소 확정,2019-11-06 14:44
947,서구,원당초등학교 운동장,인천광역시 서구 원당대로820번길 16 지진옥외대피장소,사물주소 확정,2019-11-06 14:41
948,서구,원당초등학교 운동장,인천광역시 서구 원당대로820번2길 6 지진옥외대피장소,사물주소 확정,2019-11-06 14:41
949,서구,당하중학교 운동장,인천광역시 서구 청마로 38 지진옥외대피장소,사물주소 확정,2019-11-06 15:28
950,서구,당하초등학교 운동장,인천광역시 서구 청마로 144 지진옥외대피장소,사물주소 확정,2019-11-07 13:59
951,서구,마전중학교 운동장,인천광역시 서구 완정로 91 지진옥외대피장소,사물주소 확정,2019-11-06 14:54
952,서구,마전초등학교 운동장,인천광역시 서구 완정로34번길 23 지진옥외대피장소,사물주소 확정,2019-11-06 14:50
953,서구,능내초등학교 운동장,인천광역시 서구 검단로540번길 23 지진옥외대피장소,사물주소 확정,2019-11-26 15:30
954,서구,검단고등학교 운동장,인천광역시 서구 검단로540번길 7 지진옥외대피장소,사물주소 확정,2019-11-26 15:31
955,서구,검단중학교 운동장,인천광역시 서구 완정로188번길 12 지진옥외대피장소,사물주소 확정,2019-11-26 16:03
956,서구,검단초등학교 운동장,인천광역시 서구 검단로609번길 11 지진옥외대피장소,사물주소 확정,2019-11-25 15:55
957,서구,검단초등학교 운동장,인천광역시 서구 마전로115번길 24 지진옥외대피장소,사물주소 확정,2019-11-25 15:55
958,서구,가원초등학교 운동장,인천광역시 서구 청중로478번길 6 지진옥외대피장소,사물주소 확정,2019-11-06 16:37
959,서구,가원초등학교 운동장,인천광역시 서구 청중로478번길 12 지진옥외대피장소,사물주소 확정,2019-11-06 16:37
960,서구,청라고등학교 운동장,인천광역시 서구 담지로86번길 16-14 지진옥외대피장소,사물주소 확정,2019-11-08 16:29
961,서구,청라고등학교 운동장,인천광역시 서구 담지로 80 지진옥외대피장소,사물주소 확정,2019-11-08 16:29
962,서구,청라중학교 운동장,인천광역시 서구 청라라임로 112 지진옥외대피장소,사물주소 확정,2019-11-06 14:02
963,서구,청라중학교 운동장,인천광역시 서구 청라라임로 108 지진옥외대피장소,사물주소 확정,2019-11-06 14:02
964,서구,청라초등학교 운동장,인천광역시 서구 청라에메랄드로133번길 8 지진옥외대피장소,사물주소 확정,2019-11-06 14:02
965,서구,청라초등학교 운동장,인천광역시 서구 청라에메랄드로 139 지진옥외대피장소,사물주소 확정,2019-11-06 14:02
966,서구,초은고등학교 운동장,인천광역시 서구 청라에메랄드로 42 지진옥외대피장소,사물주소 확정,2019-11-06 14:02
967,서구,초은중학교 운동장,인천광역시 서구 청라라임로16번길 10 지진옥외대피장소,사물주소 확정,2019-11-06 14:01
968,서구,초은중학교 운동장,인천광역시 서구 청라라임로 10 지진옥외대피장소,사물주소 확정,2019-11-06 14:01
969,서구,초은초등학교 운동장,인천광역시 서구 청라에메랄드로 33 지진옥외대피장소,사물주소 확정,2019-11-06 14:01
970,서구,초은초등학교 운동장,인천광역시 서구 청라에메랄드로41번길 9 지진옥외대피장소,사물주소 확정,2019-11-06 14:01
971,서구,공촌초등학교 운동장,인천광역시 서구 심곡로188번길 21 지진옥외대피장소,사물주소 확정,2019-11-26 16:04
972,서구,경서초등학교 운동장,인천광역시 서구 경서로31번길 31 지진옥외대피장소,사물주소 확정,2019-11-06 16:43
973,서구,경서초등학교 운동장,인천광역시 서구 경서로25번길 64 지진옥외대피장소,사물주소 확정,2019-11-06 16:43
974,서구,청람중학교 운동장,인천광역시 서구 청라커낼로 337 지진옥외대피장소,사물주소 확정,2019-11-06 14:01
975,서구,청람중학교 운동장,인천광역시 서구 청라커낼로 335 지진옥외대피장소,사물주소 확정,2019-11-06 14:01
976,서구,청람초등학교 운동장,인천광역시 서구 청라커낼로 336 지진옥외대피장소,사물주소 확정,2019-11-06 14:02
977,서구,경명초등학교 운동장,인천광역시 서구 크리스탈로 136 지진옥외대피장소,사물주소 확정,2019-11-25 16:10
978,서구,경명초등학교 운동장,인천광역시 서구 크리스탈로 130 지진옥외대피장소,사물주소 확정,2019-11-25 16:10
979,서구,도담초등학교 운동장,인천광역시 서구 청라커낼로 201 지진옥외대피장소,사물주소 확정,2019-11-06 16:46
980,서구,도담초등학교 운동장,인천광역시 서구 청라커낼로 217 지진옥외대피장소,사물주소 확정,2019-11-06 16:46
981,서구,청일초등학교 운동장,인천광역시 서구 크리스탈로 46 지진옥외대피장소,사물주소 확정,2019-11-06 16:48
982,서구,청일초등학교 운동장,인천광역시 서구 크리스탈로 44 지진옥외대피장소,사물주소 확정,2019-11-06 16:48
983,서구,해원고등학교 운동장,인천광역시 서구 청라사파이어로140번길 25 지진옥외대피장소,사물주소 확정,2019-11-06 16:50
984,서구,해원중학교 운동장,인천광역시 서구 청라한내로 21 지진옥외대피장소,사물주소 확정,2019-11-08 16:15
985,서구,해원초등학교 운동장,인천광역시 서구 청라사파이어로140번길 5 지진옥외대피장소,사물주소 확정,2019-11-08 16:12
986,서구,종다리공원,인천광역시 서구 검단로 449 지진옥외대피장소,사물주소 확정,2023-01-17 15:47
987,서구,종다리공원,인천광역시 서구 검단로445번길 12 지진옥외대피장소,사물주소 확정,2023-01-17 15:47
988,서구,종다리공원,인천광역시 서구 검단로445번길 8 지진옥외대피장소,사물주소 확정,2023-01-17 15:47
989,서구,계명공원,인천광역시 서구 연희로46번길 6 지진옥외대피장소,사물주소 확정,2019-12-02 10:23
990,서구,계명공원,인천광역시 서구 연희로42번길 9 지진옥외대피장소,사물주소 확정,2019-12-02 10:23
991,서구,계명공원,인천광역시 서구 연희로46번길 10 지진옥외대피장소,사물주소 확정,2019-12-02 10:23
992,서구,계명공원,인천광역시 서구 연희로42번길 5 지진옥외대피장소,사물주소 확정,2019-12-02 10:23
993,서구,"서곶근린공원 ,주차장",인천광역시 서구 심곡로 163 지진옥외대피장소,사물주소 확정,2019-12-02 10:36
994,서구,간촌공원,인천광역시 서구 서곶로370번길 22-7 지진옥외대피장소,사물주소 확정,2023-01-17 15:56
995,서구,간촌공원,인천광역시 서구 간촌로 13 지진옥외대피장소,사물주소 확정,2023-01-17 15:56
996,서구,간촌공원,인천광역시 서구 간촌로 11-4 지진옥외대피장소,사물주소 확정,2023-01-17 15:56
997,서구,모통공원,인천광역시 서구 심곡로 85 지진옥외대피장소,사물주소 확정,2024-01-19 14:11
998,서구,모통공원,인천광역시 서구 심곡로113번길 23 지진옥외대피장소,사물주소 확정,2024-01-19 14:11
999,서구,모통공원,인천광역시 서구 심곡로 83 지진옥외대피장소,사물주소 확정,2024-01-19 14:11
1000,서구,모통공원,인천광역시 서구 심곡로113번길 27 지진옥외대피장소,사물주소 확정,2024-01-19 14:11
1001,서구,불로지구4호공원,인천광역시 서구 검단로744번3길 14 지진옥외대피장소,사물주소 확정,2019-11-27 13:53
1002,서구,마전1공원,인천광역시 서구 완정로188번길 34 지진옥외대피장소,사물주소 확정,2019-11-28 13:38
1003,서구,마전1공원,인천광역시 서구 완정로188번길 26 지진옥외대피장소,사물주소 확정,2019-11-28 13:38
1004,서구,능내공원,인천광역시 서구 검단로540번길 53 지진옥외대피장소,사물주소 확정,2019-11-28 13:44
1005,서구,능내공원,인천광역시 서구 검단로540번길 41-1 지진옥외대피장소,사물주소 확정,2019-11-28 13:44
1006,서구,능내공원,인천광역시 서구 검단로540번길 41 지진옥외대피장소,사물주소 확정,2019-11-28 13:44
1007,서구,검단2호공원,인천광역시 서구 완정로156번안길 35 지진옥외대피장소,사물주소 확정,2019-11-28 13:46
1008,서구,장모루근린공원,인천광역시 서구 도요지로189번길 141 지진옥외대피장소,사물주소 확정,2019-12-02 10:11
1009,서구,시립테니스장,인천광역시 서구 가좌로11번길 13 지진옥외대피장소,사물주소 확정,2024-01-17 14:42
1010,서구,왕길근린공원,인천광역시 서구 검단로 427 지진옥외대피장소,사물주소 확정,2024-01-18 14:35
1011,서구,왕길근린공원,인천광역시 서구 봉수대로1440번안길 14 지진옥외대피장소,사물주소 확정,2024-01-18 14:35
1012,서구,왕길근린공원,인천광역시 서구 검단로 429 지진옥외대피장소,사물주소 확정,2024-01-18 14:35
1013,서구,대평공원,인천광역시 서구 승학로333번길 33-11 지진옥외대피장소,사물주소 확정,2019-12-02 10:26
1014,서구,대평공원,인천광역시 서구 대평로56번길 27 지진옥외대피장소,사물주소 확정,2019-12-02 10:26
1015,서구,대평공원,인천광역시 서구 대평로56번길 25 지진옥외대피장소,사물주소 확정,2019-12-02 10:26
1016,서구,신촌공원,인천광역시 서구 길주로75번길 13 지진옥외대피장소,사물주소 확정,2019-12-02 10:29
1017,서구,신촌공원,인천광역시 서구 염곡로260번길 13 지진옥외대피장소,사물주소 확정,2019-12-02 10:29
1018,서구,신촌공원,인천광역시 서구 길주로75번길 17 지진옥외대피장소,사물주소 확정,2019-12-02 10:29
1019,서구,석남체육공원,인천광역시 서구 신석로 119 지진옥외대피장소,사물주소 확정,2019-11-28 16:21
1020,서구,석남체육공원,인천광역시 서구 신석로111번길 8 지진옥외대피장소,사물주소 확정,2019-11-28 16:21
1021,서구,석남체육공원,인천광역시 서구 신석로121번길 3 지진옥외대피장소,사물주소 확정,2019-11-28 16:21
1022,서구,석남체육공원,인천광역시 서구 신석로 111 지진옥외대피장소,사물주소 확정,2019-11-28 16:21
1023,서구,석남체육공원,인천광역시 서구 신석로121번길 9 지진옥외대피장소,사물주소 확정,2019-11-28 16:21
1024,서구,석남체육공원,인천광역시 서구 신석로121번길 11 지진옥외대피장소,사물주소 확정,2019-11-28 16:21
1025,서구,석남체육공원,인천광역시 서구 가정로294번길 20 지진옥외대피장소,사물주소 확정,2019-11-28 16:21
1026,서구,석남체육공원,인천광역시 서구 신석로111번길 6 지진옥외대피장소,사물주소 확정,2019-11-28 16:21
1027,서구,석남체육공원,인천광역시 서구 신석로121번길 7 지진옥외대피장소,사물주소 확정,2019-11-28 16:21
1028,서구,당하지구3호공원,인천광역시 서구 청마로148번길 17 지진옥외대피장소,사물주소 확정,2023-01-17 16:23
1029,서구,당하제1호공원,인천광역시 서구 서곶로 836 지진옥외대피장소,사물주소 확정,2019-11-28 09:17
1030,서구,당하제1호공원,인천광역시 서구 서곶로 840 지진옥외대피장소,사물주소 확정,2019-11-28 09:17
1031,서구,당하제1호공원,인천광역시 서구 서곶로 832 지진옥외대피장소,사물주소 확정,2019-11-28 09:17
1032,서구,공촌공원,인천광역시 서구 경명대로680번길 5 지진옥외대피장소,사물주소 확정,2019-11-28 09:23
1033,서구,공촌공원,인천광역시 서구 심곡로208번길 22 지진옥외대피장소,사물주소 확정,2019-11-28 09:23
1034,서구,공촌공원,인천광역시 서구 경명대로680번길 9 지진옥외대피장소,사물주소 확정,2019-11-28 09:23
1035,서구,갈매공원,인천광역시 서구 경명대로683번길 6-7 지진옥외대피장소,사물주소 확정,2023-09-12 16:56
1036,서구,갈매공원,인천광역시 서구 경명대로683번길 6 지진옥외대피장소,사물주소 확정,2023-09-12 16:56
1037,서구,갈매공원,인천광역시 서구 경명대로707번길 29 지진옥외대피장소,사물주소 확정,2023-09-12 16:56
1038,서구,주물공단공원,인천광역시 서구 사렴로 71 지진옥외대피장소,사물주소 확정,2019-12-02 10:20
1039,서구,주물공단공원,인천광역시 서구 사렴로65번길 8 지진옥외대피장소,사물주소 확정,2019-12-02 10:20
1040,서구,청라1호근린공원,인천광역시 서구 로봇랜드로249번길 114-1 지진옥외대피장소,사물주소 확정,2023-09-12 16:59
1041,서구,청라1호근린공원,인천광역시 서구 로봇랜드로249번길 114-9 지진옥외대피장소,사물주소 확정,2023-09-12 16:59
1042,서구,중동공원,인천광역시 서구 서곶로 529 지진옥외대피장소,사물주소 확정,2023-01-17 15:59
1043,서구,중동공원,인천광역시 서구 승학로512번길 15 지진옥외대피장소,사물주소 확정,2023-01-17 15:59
1044,서구,간재울공원,인천광역시 서구 승학로472번길 9 지진옥외대피장소,사물주소 확정,2019-11-27 14:12
1045,서구,간재울공원,인천광역시 서구 승학로506번안길 19-6 지진옥외대피장소,사물주소 확정,2019-11-27 14:12
1046,서구,가좌근린공원,인천광역시 서구 장고개로 263 지진옥외대피장소,사물주소 확정,2019-11-27 14:04
1047,서구,가좌근린공원,인천광역시 서구 장고개로287번길 31 지진옥외대피장소,사물주소 확정,2019-11-27 14:04
1048,서구,가좌근린공원,인천광역시 서구 장고개로 255 지진옥외대피장소,사물주소 확정,2019-11-27 14:04
1049,서구,가좌근린공원,인천광역시 서구 원적로 18 지진옥외대피장소,사물주소 확정,2019-11-27 14:04
1050,서구,창신초등학교 운동장,인천광역시 서구 고산후로161번길 6 지진옥외대피장소,사물주소 확정,2019-11-25 16:02
1051,서구,단봉초등학교 운동장,인천광역시 서구 단봉로 122 지진옥외대피장소,사물주소 확정,2019-11-27 09:42
1052,서구,서곶초등학교 운동장,인천광역시 서구 대평로56번길 9 지진옥외대피장소,사물주소 확정,2019-11-27 09:43
1053,서구,서곶중학교 운동장,인천광역시 서구 대평로56번길 22 지진옥외대피장소,사물주소 확정,2019-11-27 09:45
1054,서구,심곡초등학교 운동장,인천광역시 서구 심곡로 114 지진옥외대피장소,사물주소 확정,2024-01-19 14:25
1055,서구,신현북초등학교 운동장,인천광역시 서구 원창로 147 지진옥외대피장소,사물주소 확정,2019-11-27 09:48
1056,서구,신현초등학교 운동장,인천광역시 서구 율도로77번길 1 지진옥외대피장소,사물주소 확정,2019-11-27 10:06
1057,서구,가현초등학교 운동장,인천광역시 서구 염곡로 417 지진옥외대피장소,사물주소 확정,2019-11-08 16:17
1058,서구,천마초등학교 운동장,인천광역시 서구 서달로 58-5 지진옥외대피장소,사물주소 확정,2019-11-27 10:07
1059,서구,석남서초등학교 운동장,인천광역시 서구 건지로249번길 6 지진옥외대피장소,사물주소 확정,2019-11-27 10:22
1060,서구,신석초등학교 운동장,인천광역시 서구 새오개로 9 지진옥외대피장소,사물주소 확정,2019-12-02 10:30
1061,서구,석남초등학교 운동장,인천광역시 서구 서달로130번길 4 지진옥외대피장소,사물주소 확정,2019-11-27 10:50
1062,서구,불로초등학교 운동장,인천광역시 서구 검단로744번1길 50 지진옥외대피장소,사물주소 확정,2019-11-27 10:51
1063,서구,불로중학교 운동장,인천광역시 서구 고산후로 363 지진옥외대피장소,사물주소 확정,2019-12-02 10:31
1064,서구,백석중학교 운동장,인천광역시 서구 한들3로 60 지진옥외대피장소,사물주소 확정,2019-12-02 10:13
1065,서구,발산초등학교 운동장,인천광역시 서구 고산후로78번길 6 지진옥외대피장소,사물주소 확정,2019-12-02 10:32
1066,서구,금곡초등학교 운동장,인천광역시 서구 완정로228번길 19 지진옥외대피장소,사물주소 확정,2019-11-27 16:57
1067,서구,간재울초등학교 운동장,인천광역시 서구 승학로 433 지진옥외대피장소,사물주소 확정,2019-11-27 16:58
1068,서구,검암초등학교 운동장,인천광역시 서구 승학로599번길 45 지진옥외대피장소,사물주소 확정,2019-11-27 13:54
1069,서구,검암초등학교 운동장,인천광역시 서구 승학로531번길 16 지진옥외대피장소,사물주소 확정,2019-11-27 13:54
1070,서구,백석초등학교 운동장,인천광역시 서구 청마로 55 지진옥외대피장소,사물주소 확정,2019-12-02 10:32
1071,서구,백석초등학교 운동장,인천광역시 서구 청마로93번길 27 지진옥외대피장소,사물주소 확정,2019-12-02 10:32
1072,서구,동인천여자중학교 운동장,인천광역시 서구 여우재로112번길 13 지진옥외대피장소,사물주소 확정,2019-11-27 16:59
1073,서구,가정초등학교 운동장,인천광역시 서구 장고개로 336-1 지진옥외대피장소,사물주소 확정,2019-11-28 09:44
1074,서구,가좌초등학교 운동장,인천광역시 서구 장고개로309번길 5 지진옥외대피장소,사물주소 확정,2019-11-26 11:36
1075,서구,건지초등학교 운동장,인천광역시 서구 건지로318번길 39 지진옥외대피장소,사물주소 확정,2019-11-26 11:35
1076,서구,가좌중학교 운동장,인천광역시 서구 건지로334번길 31 지진옥외대피장소,사물주소 확정,2019-11-26 11:32
1077,서구,봉화초등학교 운동장,인천광역시 서구 건지로250번길 43 지진옥외대피장소,사물주소 확정,2019-11-26 11:30
1078,서구,봉수초등학교 운동장,인천광역시 서구 봉오대로267번길 11-4 지진옥외대피장소,사물주소 확정,2019-11-26 11:27
1079,서구,가석초등학교 운동장,인천광역시 서구 서달로 174 지진옥외대피장소,사물주소 확정,2019-11-05 14:06
